Type Sort,Type,Tier,Size Sort,Size Class,Name,Effect,Weight O/H,Scale Weight,Unit Weight,SR Cost x,Pwr O/H,Scale Pwr,Unit Power,O,E,T,Reliability,Year Available (SF),Size Class List,Full Tier List
1,Phasers,-99,-99,N/A,No Phasers,0,0,0,0,0,0,0,0,0,0,0,1,0,Size Filter,Tier Filter
1,Phasers,-3,1,Light,[T-3][L] Model 31 Phaser Bank,0.28,4,0,6,0.05,0.6,0.8,1.5,0.18,0.2,0.03,1,2230,Light,T-3
1,Phasers,-3,3,Heavy,[T-3][H] Model 28 Twin Phaser Bank,0.425,8,0,12,0.06,0.8,0.8,1.8,0.35,0.35,0.05,1,2230,Medium,T-2
1,Phasers,-2,1,Light,[T-2][L] Model 47 Phaser Bank,0.32,4,0,6,0.05,0.6,0.8,1.5,0.18,0.2,0.03,1,2250,Heavy,T-1
1,Phasers,-2,3,Heavy,[T-2][H] Model 44 Twin Phaser Bank,0.5,8,0,12,0.06,0.8,0.8,1.8,0.35,0.35,0.05,1,2250,,T0
1,Phasers,-1,1,Light,[T-1][L] Model 68 Phaser Bank,0.36,4,0,6,0.05,0.6,0.8,1.5,0.18,0.2,0.03,1,2270,,T1
1,Phasers,-1,3,Heavy,[T-1][H] Model 62 Twin Phaser Bank,0.625,8,0,12,0.06,0.8,0.8,1.8,0.35,0.35,0.05,1,2270,,T2
1,Phasers,0,1,Light,[T0][L] Model 83 Phaser Bank,0.4,4,0,6,0.085,0.65,0.8,1.1,0.18,0.2,0.02,1,2290,,T3
1,Phasers,0,3,Heavy,[T0][H] Model 83 Twin Phaser Bank,0.75,8,0,12,0.08,1,0.8,2,0.34,0.34,0.01,1,2290,,T4
1,Phasers,1,1,Light,[T1][L] Type IV Single Phaser Bank,0.44,4,0,6,0.065,3,3,2,0.18,0.2,0.02,0.995,2313,,
1,Phasers,1,3,Heavy,[T1][H] Type-IV Twin Phaser Bank,0.825,8,0,14,0.08,5,2.5,1.75,0.33,0.33,0.01,0.99995,2313,,
1,Phasers,2,1,Light,[T2][L] Type V Single Phaser Bank,0.48,4,0,6,0.065,3,3,2,0.175,0.19,0.02,0.995,2316,,
1,Phasers,2,3,Heavy,[T2][H] Type-V Twin Phaser Bank,0.9,8,0,14,0.08,5,2.5,1.75,0.32,0.32,0.01,0.99995,2316,,
1,Phasers,3,1,Light,[T3][L] Type VI Single Phaser Bank,0.52,4,0,6,0.065,3,3,2,0.175,0.19,0.02,0.995,*,,
1,Phasers,3,3,Heavy,[T3][H] Type-VI Twin Phaser Bank,0.975,8,0,14,0.08,5,2.5,1.75,0.32,0.32,0.01,0.99995,*,,
1,Phasers,4,1,Light,[T4][L] Type IX Experimental Phaser Array Mid Bank,0.8,8,0,10,0.13,3,3,2,0.225,0.25,0.025,0.995,*,,
1,Phasers,4,3,Heavy,[T4][H] Type-IX Experimental Phaser Array Full Bank,1.2,12,0,20,0.16,5,2.5,1.75,0.35,0.35,0.02,0.99995,*,,
1,Phasers,99,99,,x[T-2] Type 48 Phaser Bank,,,,,,,,,,,,0.995,0,,
2,Torpedoes,-99,-99,N/A,No Torp,0,0,0,0,0,0,0,0,0,0,0,1,2230,,
2,Torpedoes,-3,2,Medium,[T-3][M] TSF-2 Torpedo System,0.4,12,0,10,0.035,2.5,0.1,0.75,0.2,0.2,0,1,2230,,
2,Torpedoes,-3,3,Heavy,[T-3][H] Mod 3a Battery System,0.4,16,0,11,0.07,5,0.05,0.5,0.15,0.15,0,1,2250,,
2,Torpedoes,-2,2,Medium,[T-2][M] TSF-3 Torpedo System,0.45,12,0,10,0.035,2.5,0.1,0.75,0.2,0.2,0,1,2250,,
2,Torpedoes,-2,3,Heavy,[T-2][H] Mod 4 Battery System,0.45,16,0,11,0.07,5,0.05,0.5,0.15,0.15,0,1,2270,,
2,Torpedoes,-1,2,Medium,[T-1][M] Mk-I Torpedo System,0.5,12,0,10,0.035,2.5,0.1,0.75,0.2,0.2,0,1,2270,,
2,Torpedoes,-1,3,Heavy,[T-1][H] Type-I Auto System,0.5,16,0,11,0.07,5,0.05,0.5,0.15,0.15,0,1,2270,,
2,Torpedoes,0,1,Light,[T0][L] Mk-II LW Torpedo System,0.55,8,0,10,0.08,5,0.3,1,0.18,0.18,0,0.9995,2290,,
2,Torpedoes,0,2,Medium,[T0][M] Mk-II Torpedo System,0.55,12,0,10,0.045,2.5,0.2,0.75,0.2,0.2,0,0.99995,2290,,
2,Torpedoes,0,3,Heavy,[T0][H] Type-II Auto System,0.55,16,0,11,0.09,5,0.1,0.5,0.15,0.15,0,1,2290,,
2,Torpedoes,1,1,Light,[T1][L] Mk-III LW Torpedo System,0.6,8,0,9.5,0.085,4.5,0.25,1,0.18,0.18,0,0.9995,2313,,
2,Torpedoes,1,2,Medium,[T1][M] Mk-III Torpedo System,0.6,12,0,9.5,0.0475,2.25,0.175,0.75,0.2,0.2,0,0.9998,2313,,
2,Torpedoes,1,3,Heavy,[T1][H] Type-III Auto System,0.6,15.5,0,10.5,0.095,4.5,0.1,0.5,0.15,0.15,0,1,2313,,
2,Torpedoes,2,1,Light,[T2][L] Mk-IV LW Torpedo System,0.65,8,0,9,0.09,4,0.2,1,0.18,0.18,0,0.9995,*,,
2,Torpedoes,2,2,Medium,[T2][M][SR-] Mk-IV Torpedo System,0.65,12,0,9,0.05,2,0.15,0.75,0.2,0.2,0,0.9998,*,,
2,Torpedoes,2,3,Heavy,[T2][H][C-] Type-IV Auto System,0.65,15,0,10,0.1,4,0.1,0.5,0.15,0.15,0,1,*,,
2,Torpedoes,3,1,Light,[T3][L] Mk-V LW Torpedo System,0.7,8,0,9,0.09,4,0.2,1,0.18,0.18,0,0.9995,*,,
2,Torpedoes,3,2,Medium,[T3][M][SR-] Mk-V Torpedo System,0.7,12,0,9,0.05,2,0.15,0.75,0.2,0.2,0,0.9998,*,,
2,Torpedoes,3,3,Heavy,[T3][H][C-] Type-V Auto System,0.7,15,0,10,0.1,4,0.1,0.5,0.15,0.15,0,1,*,,
3,Long-Range Sensors,-99,-99,N/A,No Sensor,0,0,0,0,0,0,0,0,0,0,0,1,0,,
3,Long-Range Sensors,-3,1,Light,[T-3][L] Mark-I-Light LR Sensor Array,0.15,1,0,7,0.08,0.5,0,1,0.04,0.08,0.12,0.9995,2230,,
3,Long-Range Sensors,-3,2,Medium,[T-3][M] Mark-I-Heavy LR Sensors,0.225,5,0,12.5,0.06,0.45,0,1,0.06,0.16,0.3,1,2230,,
3,Long-Range Sensors,-3,3,Heavy,[T-3][H] Mark-II-Heavy LR Sensor Array,0.4,5,0,19,0.13,0.45,0,1.1,0.05,0.07,0.12,1,2230,,
3,Long-Range Sensors,-2,1,Light,[T-2][L] Mark-II-Light LR Sensor Array,0.175,1,0,7,0.08,0.5,0,1,0.04,0.08,0.12,0.9995,2250,,
3,Long-Range Sensors,-2,2,Medium,[T-2][M] Mark-II-Heavy LR Sensors,0.25,5,0,12.5,0.06,0.45,0,1,0.06,0.16,0.3,1,2250,,
3,Long-Range Sensors,-2,3,Heavy,[T-2][H] Mark-III-Heavy LR Sensor Array,0.45,5,0,19,0.13,0.45,0,1.1,0.05,0.07,0.12,1,2250,,
3,Long-Range Sensors,-1,1,Light,[T-1][L] Mark-III-Light LR Sensor Array,0.2,1,0,7,0.08,0.5,0,1,0.04,0.08,0.12,0.9995,2270,,
3,Long-Range Sensors,-1,2,Medium,[T-1][M] Mark-III-Heavy LR Sensors,0.275,5,0,12.5,0.06,0.45,0,1,0.06,0.16,0.3,1,2270,,
3,Long-Range Sensors,-1,3,Heavy,[T-1][H] Mark-IV-Heavy LR Sensor Array,0.475,5,0,19,0.13,0.45,0,1.1,0.05,0.07,0.12,1,2270,,
3,Long-Range Sensors,-2,1,Light,[T-2][L] Civilian Grade LR Sensor Array,0.1,0.5,0,5,0.1,0.5,0,0.5,0.05,0.04,0.06,1,2250,,
3,Long-Range Sensors,0,1,Light,[T0][L] Mark-V-Light LR Sensor Array,0.225,1,0,7,0.12,0.6,0,1.2,0.03,0.1,0.135,0.9995,2290,,
3,Long-Range Sensors,0,2,Medium,[T0][M] Mark-V LR Sensor Array,0.3,2,0,11,0.11,0.6,0,1.4,0.06,0.15,0.15,1,2290,,
3,Long-Range Sensors,0,3,Heavy,[T0][H] Mark-V-Heavy LR Sensor Array,0.5,5,0,19,0.1,0.6,0,1.2,0.05,0.07,0.12,1,2290,,
3,Long-Range Sensors,1,1,Light,[T1][L] Mark-VI-Light LR Sensor Array,0.225,1,0,6.75,0.18,0.6,0,1.3,0.03,0.1,0.135,0.9995,2305,,
3,Long-Range Sensors,1,2,Medium,[T1][M] Mark-VI LR Sensor Array,0.325,2,0,9.5,0.1,0.6,0,1.3,0.06,0.15,0.15,1,2305,,
3,Long-Range Sensors,1,3,Heavy,[T1][H] Mark-VI-Heavy LR Sensor Array,0.525,5,0,18,0.08,0.6,0,1.3,0.05,0.07,0.12,1,2305,,
3,Long-Range Sensors,2,1,Light,[T2][L] Mark-VII-Light LR Sensor Array,0.25,1,0,7.25,0.18,0.6,0,1.3,0.03,0.1,0.135,0.9995,2310,,
3,Long-Range Sensors,2,2,Medium,[T2][M] Mark-VII LR Sensor Array,0.35,2,0,10,0.1,0.6,0,1.4,0.06,0.15,0.15,1,2310,,
3,Long-Range Sensors,2,3,Heavy,[T2][H] Mark-VII-Heavy LR Sensor Array,0.55,5,0,18,0.08,0.6,0,1.3,0.05,0.07,0.12,1,2310,,
3,Long-Range Sensors,3,1,Light,[T3][L] Mark-VIII-Light LR Sensor Array,0.275,1,0,7.5,0.18,0.6,0,1.3,0.03,0.1,0.135,0.9995,*,,
3,Long-Range Sensors,3,2,Medium,[T3][M] Mark-VIII LR Sensor Array,0.375,2,0,11,0.1,0.6,0,1.4,0.06,0.15,0.15,1,*,,
3,Long-Range Sensors,3,3,Heavy,[T3][H] Mark-VIII-Heavy LR Sensor Array,0.575,5,0,19,0.08,0.6,0,1.3,0.05,0.07,0.12,1,*,,
3,Long-Range Sensors,99,99,,x[T1] Subspace Flux Detector *,,,,,,,,,,,,,,,
3,Long-Range Sensors,99,99,,x[T2] Subspace Pulse Scanner *,,,,,,,,,,,,,,,
3,Long-Range Sensors,99,99,,x[T3] Subspace Phased Array Scanner *,,,,,,,,,,,,,,,
3,Long-Range Sensors,99,99,,x[T4] Subspace Interferometry Suite *,,,,,,,,,,,,,,,
4,Short-Range Sensors,-99,-99,N/A,No Sensor,0,0,0,0,0,0,0,0,0,0,0,1,0,,
4,Short-Range Sensors,-3,1,Light,[T-3][L] Mark-I-Light SR Lateral Sensor Array,0.25,1,0,8,0.1,0.5,0,1,0.04,0.08,0.12,1,2230,,
4,Short-Range Sensors,-3,2,Medium,[T-3][M] Mark-I-Medium SR Lateral Sensor Array,0.375,5,0,12,0.06,0.6,0,1.1,0.05,0.07,0.12,1,2230,,
4,Short-Range Sensors,-3,3,Heavy,[T-3][H] Mark-I-Heavy SR Lateral Sensor Array,0.5,5,0,21.5,0.05,0.5,0,1,0.04,0.12,0.225,1,2230,,
4,Short-Range Sensors,-2,No,Light,[T-2][L] Mark-III-Light SR Lateral Sensor Array,0.275,1,0,8,0.1,0.5,0,1,0.04,0.08,0.12,1,2250,,
4,Short-Range Sensors,-2,2,Medium,[T-2][M] Mark-III-Medium SR Lateral Sensor Array,0.45,5,0,12,0.06,0.6,0,1.1,0.05,0.07,0.12,1,2250,,
4,Short-Range Sensors,-2,3,Heavy,[T-2][H] Mark-III-Heavy SR Lateral Sensor Array,0.55,5,0,21.5,0.05,0.5,0,1,0.04,0.12,0.225,1,2250,,
4,Short-Range Sensors,-2,1,Light,[T-2][L] Civilian Grade SR Lateral Sensor,0.1,0.5,0,5,0.1,0.5,0,0.5,0.02,0.04,0.06,1,2250,,
4,Short-Range Sensors,0,1,Light,[T0][L] Mark-IV SR Lateral Sensor Array,0.3,1.5,0,8,0.1,0.6,0,1.1,0.02,0.06,0.09,1,2290,,
4,Short-Range Sensors,0,2,Medium,[T0][M] Mark-IV-Heavy SR Lateral Sensor Array,0.475,5,0,12,0.06,0.6,0,1.1,0.05,0.07,0.12,1,2290,,
4,Short-Range Sensors,0,3,Heavy,[T0][H] Mark-V-Heavy SR Lateral Sensor Array,0.65,5,0,21.5,0.06,0.6,0,1.2,0.025,0.06,0.105,1,2290,,
4,Short-Range Sensors,1,1,Light,[T1][L] Mark-VB-Light SR Lateral Sensor Array,0.2375,1,0,7.75,0.1,0.7,0,1.15,0.025,0.1,0.135,0.9995,2305,,
4,Short-Range Sensors,1,2,Medium,[T1][M] Mark-VB SR Lateral Sensor Array,0.335,1.5,0,11.75,0.1,0.7,0,1.15,0.025,0.06,0.105,0.99999,2305,,
4,Short-Range Sensors,1,3,Heavy,[T1][H] Mark-VB-Heavy SR Lateral Sensor Array,0.7,5,0,21,0.06,0.7,0,1.15,0.05,0.1,0.135,1,2305,,
4,Short-Range Sensors,2,1,Light,[T2][L] Mark-VI-Light SR Lateral Sensor Array,0.25,1,0,7.6,0.12,0.8,0,1.3,0.025,0.1,0.135,0.9995,2312,,
4,Short-Range Sensors,2,2,Medium,[T2][M] Mark-VI SR Lateral Sensor Array,0.35,1.5,0,11.6,0.1,0.8,0,1.3,0.06,0.12,0.15,0.99999,2312,,
4,Short-Range Sensors,2,3,Heavy,[T2][H] Mark-VI-Heavy SR Lateral Sensor Array,0.75,5,0,20.75,0.06,0.8,0,1.3,0.05,0.1,0.135,1,2312,,
4,Short-Range Sensors,3,1,Light,[T3][L] Mark-VII-Light SR Lateral Sensor Array,0.2675,1,0,7.7,0.125,0.8,0,1.3,0.03,0.115,0.1425,0.9995,2315,,
4,Short-Range Sensors,3,2,Medium,[T3][M] Mark-VII SR Lateral Sensor Array,0.365,1.5,0,11.8,0.115,0.8,0,1.3,0.0065,0.125,0.1725,0.99999,2315,,
4,Short-Range Sensors,3,3,Heavy,[T3][H] Mark-VII-Heavy SR Lateral Sensor Array,0.8,6.5,0,21.25,0.07,0.8,0,1.3,0.055,0.105,0.1425,1,2315,,
4,Short-Range Sensors,4,1,Light,[T4][L] Mark-VII-Light SR Lateral Sensor Array,0.275,1,0,7.7,0.125,0.8,0,1.3,0.03,0.115,0.1425,0.9995,*,,
4,Short-Range Sensors,4,2,Medium,[T4][M] Mark-VII SR Lateral Sensor Array,0.38,1.5,0,11.8,0.115,0.8,0,1.3,0.0065,0.125,0.1725,0.99999,*,,
4,Short-Range Sensors,4,3,Heavy,[T4][H] Mark-VII-Heavy SR Lateral Sensor Array,0.85,6.5,0,21.25,0.07,0.8,0,1.3,0.055,0.105,0.1425,1,*,,
4,Short-Range Sensors,99,99,,x[T1] Full Spectrum Sensor Array,,,,,,,,,,,,,,,
5,Navigational Sensors,-99,-99,N/A,No Sensor,0,0,0,0,0,0,0,0,0,0,0,1,0,,
5,Navigational Sensors,-3,1,Light,[T-3][L] Mark-I-Light Nav Sensors,0.15,1,0,7,0.08,0.5,0,1,0.04,0.08,0.12,0.9995,2230,,
5,Navigational Sensors,-3,3,Heavy,[T-3][H] Mark-I-Heavy Nav Sensors,0.4,5,0,19,0.11,0.45,0,1,0.04,0.12,0.225,1,2230,,
5,Navigational Sensors,-3,3,Heavy,[T-3][H] Mark-II-Heavy Nav Array,0.45,5,0,19,0.11,0.45,0,1.1,0.04,0.125,0.225,1,2230,,
5,Navigational Sensors,-2,1,Light,[T-2][L] Mark-II-Light Nav Sensors,0.175,1,0,7,0.08,0.5,0,1,0.04,0.08,0.12,0.9995,2250,,
5,Navigational Sensors,-2,3,Heavy,[T-2][H] Mark-II-Heavy Nav Sensors,0.45,5,0,19,0.11,0.45,0,1,0.04,0.12,0.225,1,2250,,
5,Navigational Sensors,-2,3,Heavy,[T-2][H] Mark-III-Heavy Nav Array,0.475,5,0,19,0.11,0.45,0,1.1,0.04,0.125,0.225,1,2250,,
5,Navigational Sensors,-1,1,Light,[T-1][L] Mark-III-Light Nav Sensors,0.2,1,0,7,0.08,0.5,0,1,0.04,0.08,0.12,0.9995,2270,,
5,Navigational Sensors,-1,3,Heavy,[T-1][H] Mark-III-Heavy Nav Sensors,0.475,5,0,19,0.11,0.45,0,1,0.04,0.12,0.225,1,2270,,
5,Navigational Sensors,-1,3,Heavy,[T-1][H] Mark-IV-Heavy Nav Array,0.5,5,0,19,0.11,0.45,0,1.1,0.04,0.125,0.225,1,2270,,
5,Navigational Sensors,0,2,Medium,[T0][M] Mark-V Nav Sensors,0.3,1.5,0,10,0.1,0.6,0,1.2,0.05,0.07,0.12,1,2290,,
5,Navigational Sensors,1,1,Light,[T1][L] Mark-VI-Light Nav Array,0.225,1,0,6.75,0.15,0.7,0,1.3,0.02,0.15,0.2475,0.9995,2305,,
5,Navigational Sensors,1,2,Medium,[T1][M] Mark-VI Nav Array,0.325,1.5,0,9.75,0.11,0.8,0,1.3,0.04,0.15,0.2625,1,2305,,
5,Navigational Sensors,1,3,Heavy,[T1][H] Mark-VI-Heavy Nav Array,0.525,5,0,18.5,0.08,0.6,0,1.3,0.04,0.125,0.225,1,2305,,
5,Navigational Sensors,2,1,Light,[T2][L] Mark-VII-Light Nav Array ,0.25,1,0,6.6,0.15,0.7,0,1.4,0.02,0.15,0.2475,0.9995,2310,,
5,Navigational Sensors,2,2,Medium,[T2][M] Mark-VII Nav Array ,0.35,1.5,0,9.6,0.11,0.8,0,1.4,0.04,0.15,0.2625,1,2310,,
5,Navigational Sensors,2,3,Heavy,[T2][H] Mark-VII-Heavy Nav Array ,0.55,5,0,18.25,0.08,0.6,0,1.4,0.04,0.125,0.225,1,2310,,
5,Navigational Sensors,3,1,Light,[T3][L] Mark-VIII-Light Nav Array,0.275,1,0,6.6,0.15,0.7,0,1.4,0.02,0.15,0.2475,0.9995,*,,
5,Navigational Sensors,3,2,Medium,[T3][M] Mark-VIII Nav Array,0.375,1.5,0,9.6,0.11,0.8,0,1.4,0.04,0.15,0.2625,1,*,,
5,Navigational Sensors,3,3,Heavy,[T3][H] Mark-VIII-Heavy Nav Array,0.575,5,0,18.25,0.08,0.6,0,1.4,0.04,0.125,0.225,1,*,,
5,Navigational Sensors,99,99,,x[T0] Basic Nav Sensor Package,,,,,,,,,,,,,,,
5,Navigational Sensors,99,99,,x[T1] Mass Detector,,,,,,,,,,,,,,,
5,Navigational Sensors,99,99,,x[T2] Gaseous Anomaly Detector,,,,,,,,,,,,,,,
5,Navigational Sensors,99,99,,x[T3] Subspace Gradient Analytics,,,,,,,,,,,,,,,
5,Navigational Sensors,99,99,,x[T4] Astrometric Course Optimizer,,,,,,,,,,,,,,,
6,Survey Sensors,-99,-99,N/A,No Survey Sensors,0,0,0,0,0,0,0,0,0,0,0,1,0,,
6,Survey Sensors,99,99,,x[T0] Basic Survey Sensor Package,,,,,,,,,,,,,,,
6,Survey Sensors,99,99,,x[T1] Basic Survey Sensor Package *,,,,,,,,,,,,,,,
6,Survey Sensors,99,99,,x[T2] EM/Subspace Heterodyne Circuit *,,,,,,,,,,,,,,,
6,Survey Sensors,99,99,,x[T3] Ground-Penetrating Spectroscope *,,,,,,,,,,,,,,,
6,Survey Sensors,99,99,,x[T4] Stellar Core Imager *,,,,,,,,,,,,,,,
6,Survey Sensors,99,99,,x[T5] Polycyclic Subspace Tomograph *,,,,,,,,,,,,,,,
7,Science Labs,-99,-99,N/A,No Science,0,0,0,0,0,0,0,0,0,0,0,1,0,,
7,Science Labs,-3,1,Light,[T-3][L] Pattern U Compact Lab,0.3,0,0,15,0.06,0.75,0.3,0.3,0.05,0.1,0.125,1,2230,,
7,Science Labs,-3,2,Medium,[T-3][M] Pattern V Lab,0.475,0,0,30,0.06,0.7,0.25,0.25,0.05,0.1,0.1875,1,2230,,
7,Science Labs,-3,3,Heavy,[T-3][H] Pattern S Lab,0.6,3,0,45,0.06,1,0.35,0.25,0.25,0.2,0.25,1,2230,,
7,Science Labs,-2,1,Light,[T-2][L] Pattern W Compact Lab,0.35,0,0,15,0.06,0.75,0.3,0.3,0.05,0.1,0.125,1,2250,,
7,Science Labs,-2,2,Medium,[T-2][M] Pattern X Lab,0.525,0,0,30,0.06,0.7,0.25,0.25,0.05,0.1,0.1875,1,2250,,
7,Science Labs,-2,3,Heavy,[T-2][H] Pattern Y Lab,0.7,3,0,45,0.06,1,0.35,0.25,0.25,0.2,0.25,1,2250,,
7,Science Labs,-1,1,Light,[T-1][L] Pattern D Compact Lab,0.4,0,0,15,0.06,0.75,0.3,0.3,0.05,0.1,0.125,1,2270,,
7,Science Labs,-1,2,Medium,[T-1][M] Pattern C Lab,0.6,0,0,30,0.06,0.7,0.25,0.25,0.05,0.1,0.1875,1,2270,,
7,Science Labs,-1,3,Heavy,[T-1][H] Pattern E Lab,0.8,3,0,45,0.06,1,0.35,0.25,0.25,0.2,0.25,1,2270,,
7,Science Labs,0,1,Light,[T0][L] Pattern-K Compact Lab,0.45,0,0,15,0.08,0.75,0.3,0.3,0.05,0.1,0.125,1,2290,,
7,Science Labs,0,2,Medium,[T0][M] Pattern C2 Lab,0.675,0,0,30,0.08,0.75,0.3,0.3,0.05,0.1,0.1875,1,2290,,
7,Science Labs,0,3,Heavy,[T0][H] Spock-Pattern Lab,0.9,3,0,45,0.08,1.5,0.425,0.65,0.05,0.05,0.22,1,2290,,
7,Science Labs,1,1,Light,[T1][L] Pattern-K2 Compact Lab,0.5,0,0,14.667,0.09,0.75,0.3,0.3,0.05,0.1,0.125,1,2306,,
7,Science Labs,1,2,Medium,[T1][M] Cruiser Pattern Lab,0.75,0,0,29.333,0.09,1.5,0.425,0.65,0.06,0.1,0.25,1,2306,,
7,Science Labs,1,3,Heavy,[T1][H] Spock-B Pattern Lab,1,3,0,44,0.09,1.5,0.425,0.65,0.055,0.055,0.23,1,2306,,
7,Science Labs,2,1,Light,[T2][L] Pattern-K3 Compact Lab,0.55,0,0,14.333,0.09,0.75,0.3,0.3,0.05,0.1,0.125,1,2313,,
7,Science Labs,2,2,Medium,[T2][M] Cruiser-2 Pattern Lab,0.825,0,0,28.667,0.09,1.5,0.425,0.65,0.06,0.1,0.25,1,2313,,
7,Science Labs,2,3,Heavy,[T2][H] Spock-C Pattern Lab,1.1,3,0,43,0.09,1.5,0.425,0.65,0.055,0.055,0.23,1,2313,,
7,Science Labs,3,1,Light,[T3][L] Pattern-K4 Compact Lab,0.6,0,0,14,0.09,0.75,0.3,0.3,0.05,0.1,0.125,1,*,,
7,Science Labs,3,2,Medium,[T3][M] Cruiser-3 Pattern Lab,0.9,0,0,28,0.09,1.5,0.425,0.65,0.06,0.1,0.25,1,*,,
7,Science Labs,3,3,Heavy,[T3][H] Spock-D Pattern Lab,1.2,3,0,42,0.09,1.5,0.425,0.65,0.055,0.055,0.23,1,*,,
8,Computer Cores,-99,-99,N/A,No Core,0,0,0,0,0,0,0,0,0,0,0,1,0,,
8,Computer Cores,-3,1,Light,[T-3][L] Mkv V Monotronic Core,0.325,10,0,3.5,0.145,3.8,0.7,0,0,0.04,0.18,1,2230,,
8,Computer Cores,-3,3,Heavy,[T-3][H] Mk V-B Monotronic Core,0.4,10,0,3.25,0.225,4.12,2.5,0,0.1,0.03,0.125,1,2230,,
8,Computer Cores,-2,1,Light,[T-2][L] SFA Mk1 Duotronic Core,0.375,10,0,3.5,0.145,3.8,0.7,0,0,0.04,0.18,1,2250,,
8,Computer Cores,-2,3,Heavy,[T-2][H] SFA MkI-B Duotronic Core,0.45,10,0,3.25,0.225,4.12,2.5,0,0.1,0.03,0.125,1,2250,,
8,Computer Cores,-1,1,Light,[T-1][L] Type-I Duotronic Core,0.425,10,0,3.5,0.145,3.8,0.7,0,0,0.04,0.18,1,2270,,
8,Computer Cores,-1,3,Heavy,[T-1][H] Type-I-B Duotronic Core,0.475,10,0,3.25,0.225,4.12,2.5,0,0.1,0.03,0.125,1,2270,,
8,Computer Cores,0,1,Light,[T0][L] Generic Monotronic Civilian Core,0.2,10,0,3.5,0.145,3.8,0.7,0,0,0.02,0.09,1,2290,,
8,Computer Cores,0,1,Light,[T0][L] Type-II Duotronic Core,0.475,20,0,3.25,0.2,6.5,2,0,0,0.02,0.135,1,2290,,
8,Computer Cores,0,2,Medium,[T0][M] Type-III Duotronic Core,0.5,20,0,4,0.25,5.2,1,0,0.1,0.02,0.09,0.998,2290,,
8,Computer Cores,0,3,Heavy,[T0][H] Type-II Heavy Duotronic Core,0.525,40,0,1.75,0.2,6.5,2,0,0.1,0.02,0.08,1,2290,,
8,Computer Cores,1,1,Light,[T1][L] Type-III-A Duotronic Core,0.6,20,0,4,0.12,5,1,0,0,0.02,0.1,0.9999,2305,,
8,Computer Cores,1,2,Medium,[T1][M] Type-IV Duotronic Core,0.625,20,0,4,0.25,6.5,1,0,0.1,0.02,0.12,0.998,2305,,
8,Computer Cores,1,3,Heavy,[T1][H] Type-IV Heavy Duotronic Core,0.66,40,0,1.75,0.25,6.5,1,0,0.1,0.02,0,0.99995,2305,,
8,Computer Cores,2,1,Light,[T2][L] Type-IV-B Duotronic Core,0.64,10,0,5,0.4,7,0.5,0,0,0.02,0.11,0.998,2315,,
8,Computer Cores,2,2,Medium,[T2][M] Type-IV-A Duotronic Core,0.68,20,0,4,0.25,7,1,0,0.1,0.02,0.12,0.9999,2315,,
8,Computer Cores,2,3,Heavy,[T2][H] Type-IV-C Heavy Duotronic Core,0.7,40,0,1.75,0.25,6.5,1,0,0.1,0.02,0,0.99995,2315,,
8,Computer Cores,3,1,Light,[T3][L] Type-V Compact Duotronic Core,0.68,10,0,5,0.4,7,0.5,0,0,0.02,0.11,0.998,*,,
8,Computer Cores,3,2,Medium,[T3][M] Type-V Duotronic Core,0.72,20,0,4,0.25,7,1,0,0.1,0.02,0.12,0.9999,*,,
8,Computer Cores,3,3,Heavy,[T3][H] Type-V Heavy Duotronic Core,0.76,40,0,1.75,0.25,6.5,1,0,0.1,0.02,0,0.99995,*,,
8,Computer Cores,4,1,Light,[T4][L] Type-VI Compact Duotronic Core,0.72,10,0,5,0.4,7,0.5,0,0,0.02,0.11,0.998,*,,
8,Computer Cores,4,2,Medium,[T4][M] Type-VI Duotronic Core,0.79,20,0,4,0.25,7,1,0,0.1,0.02,0.12,0.9999,*,,
8,Computer Cores,4,3,Heavy,[T4][H] Type-VI Heavy Duotronic Core,0.9,40,0,1.75,0.25,6.5,1,0,0.1,0.02,0,0.99995,*,,
9,Operating System,-99,-99,N/A,No OS,0,0,0,0,0,0,0,0,0,0,0,1,0,,
9,Operating System,-3,-99,N/A,[T-3] Majel OS,0.45,0,0,0,0,0.5,0.1,0.25,0.025,0.015,0.02,1,2230,,
9,Operating System,-2,-99,N/A,[T-2] Majel 1.5 OS,0.475,0,0,0,0,0.5,0.1,0.25,0.025,0.015,0.02,1,2250,,
9,Operating System,-1,-99,N/A,[T-1] Majel 2.0 OS,0.5,0,0,0,0,0.5,0.1,0.25,0.025,0.015,0.02,1,2270,,
9,Operating System,-2,-99,N/A,[T-2] Civilian OS,0.15,0,0,0,0,0.5,0.1,0.25,0.0125,0.0075,0.01,1,2250,,
9,Operating System,0,-99,N/A,[T0] Majel 2.1 OS,0.525,0,0,0,0,0.85,0.125,0.4,0.025,0.015,0.02,1,2290,,
9,Operating System,1,-99,N/A,[T1] Majel 3.0 OS,1.1,0,0,0,0,1,0.2,1,0.1375,0.0825,0.11,0.9998,2305,,
9,Operating System,2,-99,N/A,[T2] Majel 3.1 Explorer OS,1.05,0,0,0,0,5,0.1,0.5,0.1,0.06,0.08,1,2310,,
9,Operating System,2,-99,N/A,[T2] Majel 3.1 OS,1.15,0,0,0,0,1,0.25,1.1,0.13125,0.07875,0.105,1,2310,,
9,Operating System,3,-99,N/A,[T3] Majel 3.5 OS,1.2,0,0,0,0,1,0.25,1.1,0.125,0.075,0.1,1,*,,
9,Operating System,4,-99,N/A,[T4] Majel 4.0 OS,1.25,0,0,0,0,1,0.25,1.1,0.125,0.075,0.1,1,*,,
10,Targeting Computers,-99,-99,N/A,No TCU,0,0,0,0,0,0,0,0,0,0,0,1,0,,
10,Targeting Computers,-3,1,Light,[T-3][L] Model 17 Light TCU,0.25,0,0,10,0.05,0,0.5,1,0.1,0.1,0,1,2230,,
10,Targeting Computers,-3,2,Medium,[T-3][M] Model 31 Advanced TCU,0.325,0,0,20,0.15,0,0.48,0.95,0.1,0.1,0.1,1,2230,,
10,Targeting Computers,-3,3,Heavy,[T-3][H] Model 20 Heavy TCU,0.375,0,0,37,0.06,0,0.48,0.95,0.1,0.1,0.1,1,2230,,
10,Targeting Computers,-2,1,Light,[T-2][L] Model 37 Light TCU,0.275,0,0,10,0.05,0,0.5,1,0.1,0.1,0,1,2250,,
10,Targeting Computers,-2,2,Medium,[T-2][M] Model 42 Advanced TCU,0.35,0,0,20,0.15,0,0.48,0.95,0.1,0.1,0.1,1,2250,,
10,Targeting Computers,-2,3,Heavy,[T-2][H] Model 39 Heavy TCU,0.4,0,0,37,0.06,0,0.48,0.95,0.1,0.1,0.1,1,2250,,
10,Targeting Computers,-1,1,Light,[T-1][L] Model 57 Light TCU,0.3,0,0,10,0.05,0,0.5,1,0.1,0.1,0,1,2270,,
10,Targeting Computers,-1,2,Medium,[T-1][M] Model 64 Advanced TCU,0.375,0,0,20,0.15,0,0.48,0.95,0.1,0.1,0.1,1,2270,,
10,Targeting Computers,-1,3,Heavy,[T-1][H] Model 57 Heavy TCU,0.425,0,0,37,0.06,0,0.48,0.95,0.1,0.1,0.1,1,2270,,
10,Targeting Computers,-2,1,Light,[T-2][L] Civilian TCU,0.15,0,0,9,0.045,0,0.5,1,0.1,0.1,0,1,2250,,
10,Targeting Computers,0,1,Light,[T0][L] Type-I Duotronic TCU,0.325,0,0,10,0.065,0,0.48,0.95,0.1,0.1,0.1,1,2290,,
10,Targeting Computers,0,2,Medium,[T0][M] Type-1 TCU,0.4,0,0,20,0.1,1,0.5,2,0.1,0.05,0.05,0.999,2290,,
10,Targeting Computers,0,3,Heavy,[T0][H] Type-1-A 'Seeker' TCU,0.5,0,0,37,0.065,0.8,0.45,1.8,0.1,0.05,0.05,1,2290,,
10,Targeting Computers,1,1,Light,[T1][L] Type-II Duotronic TCU,0.35,0,0,10,0.065,0,0.48,0.95,0.1,0.1,0.1,1,2305,,
10,Targeting Computers,1,2,Medium,[T1][M] Type-2 TCU,0.425,0,0,20,0.1,1,0.5,2.05,0.1,0.05,0.05,0.999,2305,,
10,Targeting Computers,1,3,Heavy,[T1][H] 'Dauntless' Tracking System,0.575,0,0,37,0.1,1.2,0.6,2.2,0.1,0.05,0.05,0.9992,2305,,
10,Targeting Computers,2,1,Light,[T2][L] Type-III Duotronic TCU,0.375,0,0,10,0.065,0,0.48,0.975,0.1,0.1,0.1,1,2310,,
10,Targeting Computers,2,2,Medium,[T2][M] Type-3 TCU,0.475,0,0,20,0.1,1,0.5,2.1,0.1,0.05,0.05,0.999,2310,,
10,Targeting Computers,2,3,Heavy,[T2][H] DI-4 Predictive Targeting Array,0.675,0,0,37,0.098,1.15,0.575,2.3,0.1,0.05,0.05,0.9999,2310,,
10,Targeting Computers,3,1,Light,[T3][L] Type-IV Duotronic TCU,0.4,0,0,10,0.065,0,0.48,0.975,0.1,0.1,0.1,1,*,,
10,Targeting Computers,3,2,Medium,[T3][M] Type-4 TCU,0.525,0,0,20,0.1,1,0.5,2.1,0.1,0.05,0.05,0.999,*,,
10,Targeting Computers,3,3,Heavy,[T3][H] TH-5 Rangemaster Unit,0.775,0,0,37,0.098,1.15,0.575,2.3,0.1,0.05,0.05,0.9999,*,,
11,Diplomatic Packages,-99,-99,N/A,No Diplomacy,0,0,0,0,0,0,0,0,0,0,0,1,0,,
11,Diplomatic Packages,-3,1,Light,[T-3][L] Escort Diplomatic Package '24,0.7,0,0,32,0.035,1.2,0.3,0.2,0.015,0,0.015,1,2230,,
11,Diplomatic Packages,-3,2,Medium,[T-3][M] Cruiser Diplomatic Package '20,0.85,14,0,32,0.07,1.2,0.3,0.2,0.03,0.02,0.03,1,2230,,
11,Diplomatic Packages,-3,3,Heavy,[T-3][H] Explorer Diplomatic Package '28,1.1,45,0,32,0.13,1.2,0.4,2.5,0.1,0.015,0.04,1,2230,,
11,Diplomatic Packages,-2,1,Light,[T-2][L] Escort Diplomatic Package '41,0.75,0,0,32,0.035,1.2,0.3,0.2,0.015,0,0.015,1,2250,,
11,Diplomatic Packages,-2,2,Medium,[T-2][M] Cruiser Diplomatic Package '39,0.9,14,0,32,0.07,1.2,0.3,0.2,0.03,0.02,0.03,1,2250,,
11,Diplomatic Packages,-2,3,Heavy,[T-2][H] Explorer Diplomatic Package '45,1.35,45,0,32,0.13,1.2,0.4,2.5,0.1,0.015,0.04,1,2250,,
11,Diplomatic Packages,-1,1,Light,[T-1][L] Escort Diplomatic Package '61,0.8,0,0,32,0.035,1.2,0.3,0.2,0.015,0,0.015,1,2270,,
11,Diplomatic Packages,-1,2,Medium,[T-1][M] Cruiser Diplomatic Package '61,1,14,0,32,0.07,1.2,0.3,0.2,0.03,0.02,0.03,1,2270,,
11,Diplomatic Packages,-1,3,Heavy,[T-1][H] Explorer Diplomatic Package '67,1.5,45,0,32,0.13,1.2,0.4,2.5,0.1,0.015,0.04,1,2270,,
11,Diplomatic Packages,0,1,Light,[T0][L] Escort Diplomatic Package '85,0.85,0,0,32,0.075,1.5,0.4,3,0.02,0.015,0.04,1,2290,,
11,Diplomatic Packages,0,3,Heavy,[T0][H] Explorer Diplomatic Package '85,1.6,50,0,32,0.13,1.5,0.4,3.5,0.1,0.015,0.04,1,2290,,
11,Diplomatic Packages,1,1,Light,[T1][L] Lwaxana '04 Escort Protocol,0.9,0,0,32,0.08,2,0.5,2.75,0.06,0.015,0.04,1,2309,,
11,Diplomatic Packages,1,2,Medium,[T1][M] Lwaxana '04 General Protocol,1.2,16,0,32,0.105,2,0.5,3.25,0.1,0.015,0.04,1,2309,,
11,Diplomatic Packages,1,3,Heavy,[T1][H] Lwaxana '04 Explorer Protocol,1.75,60,0,32,0.12,2,0.5,3.75,0.1,0.015,0.04,1,2309,,
11,Diplomatic Packages,2,1,Light,[T2][L] Lwaxana '12 Escort Protocol,1,0,0,32,0.08,3,0.5,3,0.06,0.015,0.04,1,*,,
11,Diplomatic Packages,2,2,Medium,[T2][M] Lwaxana '12 General Protocol,1.3,16,0,32,0.105,3,0.5,3.5,0.1,0.015,0.04,1,*,,
11,Diplomatic Packages,2,3,Heavy,[T2][H] Lwaxana '12 Explorer Protocol,2,64,0,32,0.12,3,0.5,4,0.1,0.015,0.04,1,*,,
11,Diplomatic Packages,3,1,Light,[T3][L] Lwaxana '21 Escort Protocol,1.1,0,0,32,0.08,3,0.5,3,0.06,0.015,0.04,1,*,,
11,Diplomatic Packages,3,2,Medium,[T3][M] Lwaxana '21 General Protocol,1.425,16,0,32,0.105,3,0.5,3.5,0.1,0.015,0.04,1,*,,
11,Diplomatic Packages,3,3,Heavy,[T3][H] Lwaxana '21 Explorer Protocol,2.25,64,0,32,0.12,3,0.5,4,0.1,0.015,0.04,1,*,,
12,Recreation Packages,-99,-99,N/A,No Onboard Recreation,0,0,0,0,0,0,0,0,0,0,0,1,0,,
12,Recreation Packages,-1,2,Medium,[T-1][M] 2260s Rec Space,0.3,4,0,17.5,0.03,1,0.4,2,0,0,0,1,2270,,
12,Recreation Packages,0,2,Medium,[T0][M] 2280s Rec Space,0.4,4,0,25,0.06,2,1,4,0,0,0,1,2290,,
12,Recreation Packages,1,1,Light,[T1][L] 2300s Compact Rec Space,0.2,6,0,12,0.04,2,1,4,0,0,0,1,2315,,
12,Recreation Packages,1,2,Medium,[T1][M] 2300s Rec Space,0.6,8,0,30,0.06,2,1,8,0,0,0,1,2315,,
12,Recreation Packages,2,1,Light,[T2][L] 2310s Compact Rec Space,0.275,6,0,12,0.04,2,1,4,0,0,0,1,*,,
12,Recreation Packages,2,2,Medium,[T2][M] 2310s Rec Space,0.725,8,0,30,0.06,2,1,8,0,0,0,1,*,,
13,Sickbays,-99,-99,N/A,No Sickbay,0,0,0,0,0,0,0,0,0,0,0,1,0,,
13,Sickbays,-3,1,Light,[T-3][L] S-Medical '24 Standard Sickbay,0.2,0,0,13,0.04,0.5,0.27,0.18,0.05,0,0.12,1,2230,,
13,Sickbays,-3,3,Heavy,[T-3][H] S-Medical '25 Explorer Sickbay,0.3,10,0,16,0.08,1.5,0.4,0.45,0.15,0,0.25,1,2230,,
13,Sickbays,-2,1,Light,[T-2][L] S-Medical '42 Standard Sickbay,0.25,0,0,13,0.04,0.5,0.27,0.18,0.05,0,0.12,1,2250,,
13,Sickbays,-2,3,Heavy,[T-2][H] S-Medical '46 Explorer Sickbay,0.35,10,0,16,0.08,1.5,0.4,0.45,0.15,0,0.25,1,2250,,
13,Sickbays,-1,1,Light,[T-1][L] S-Medical '61 Standard Sickbay,0.3,0,0,13,0.04,0.5,0.27,0.18,0.05,0,0.12,1,2270,,
13,Sickbays,-1,3,Heavy,[T-1][H] S-Medical '68 Explorer Sickbay,0.4,10,0,16,0.08,1.5,0.4,0.45,0.15,0,0.25,1,2270,,
13,Sickbays,0,3,Heavy,[T0][H] S-Medical '84 Pattern Sickbay,0.5,10,0,18,0.06,1.5,0.4,0.45,0.15,0,0.25,1,2290,,
13,Sickbays,1,3,Heavy,[T1][H] S-Medical '04 Pattern Sickbay,0.6,10,0,20,0.07,1.5,0.4,0.18,0.15,0,0.25,1,2306,,
13,Sickbays,2,1,Light,[T2][L] T'Koren Pattern Small Sickbay,0.4,0,0,12,0.045,1.5,0.4,0.18,0.05,0,0.12,1,2316,,
13,Sickbays,2,3,Heavy,[T2][H] T'Koren Pattern Large Sickbay,0.7,10,0,22,0.09,1.5,0.4,0.45,0.15,0,0.25,1,2316,,
13,Sickbays,3,1,Light,[T3][L] T'Koren-B Pattern Small Sickbay,0.45,0,0,12,0.045,1.5,0.4,0.18,0.05,0,0.12,1,2319,,
13,Sickbays,3,3,Heavy,[T3][H] T'Koren-B Pattern Large Sickbay,0.8,10,0,22,0.09,1.5,0.4,0.45,0.15,0,0.25,1,2319,,
13,Sickbays,99,99,,x[T3] T'Koren-B Pattern Sickbay,,,,,,,,,,,,,,,
13,Sickbays,99,99,,x[T4] T'Koren-C Pattern Sickbay,,,,,,,,,,,,,,,
13,Sickbays,99,99,,x[T5] T'Koren-D Pattern Sickbay,,,,,,,,,,,,,,,
13,Sickbays,99,99,,x[T6] Pulaski Pattern Sickbay,,,,,,,,,,,,,,,
14,Hull System,-3,1,Light,[T-3][L] Single Alloy-2 Duranium Hull,0.33,0,15,0,0.011,0,0,0,0.01,0.25,0.04,1,2230,,
14,Hull System,-3,2,Medium,[T-3][M] Double Alloy-2 Duranium Hull,0.62,35,12,0,0.014,0,0,0,0.02,0.4,0.05,1,2230,,
14,Hull System,-3,3,Heavy,[T-3][H] Duranium w/ Bartridium Rebar,0.725,80,8,0,0.0375,0,0,0,0.2,0.5,0.2,1,2230,,
14,Hull System,-2,1,Light,[T-2][L] Single Alloy-4 Duranium Hull,0.34,0,14,0,0.011,0,0,0,0.01,0.25,0.04,1,2250,,
14,Hull System,-2,2,Medium,[T-2][M] Double Alloy-4 Duranium Hull,0.66,35,12,0,0.014,0,0,0,0.02,0.4,0.05,1,2250,,
14,Hull System,-2,3,Heavy,[T-2][H] Duranium w/ Bartridium Rebar,0.775,80,8,0,0.0375,0,0,0,0.2,0.5,0.2,1,2250,,
14,Hull System,-1,1,Light,[T-1][L] Single Duranium Hull,0.35,0,13,0,0.011,0,0,0,0.01,0.25,0.04,1,2270,,
14,Hull System,-1,2,Medium,[T-1][M] Double Duranium Hull,0.7,35,12,0,0.014,0,0,0,0.02,0.4,0.05,1,2270,,
14,Hull System,-1,3,Heavy,[T-1][H] Duranium w/ Exotic Rebar,0.8,80,8,0,0.0375,0,0,0,0.2,0.5,0.2,1,2270,,
14,Hull System,-2,1,Light,[T-2][L] Civilian Grade,0.25,0,11.5,0,0.001,0,0,0,0,0.1,0.1,1,2250,,
14,Hull System,0,1,Light,[T0][L] Lt. Alloy-1 Duranium Hull,0.36,0,12.5,0,0.012,0,0,0,0.01,0.15,0.075,1,2290,,
14,Hull System,0,2,Medium,[T0][M] Duranium-335 Alloy Hull,0.74,35,12,0,0.012,0,0,0,0.01,0.2,0.05,1,2290,,
14,Hull System,0,3,Heavy,[T0][H] Duranium-447 Alloy Hull,0.85,80,8,0,0.016,0,0,0,0.01,0.3,0.035,1,2290,,
14,Hull System,1,1,Light,[T1][L] Lt. Alloy-2 Duranium Hull,0.37,0,12,0,0.012,0,0,0,0.01,0.15,0.075,1,2310,,
14,Hull System,1,2,Medium,[T1][M] Med. Alloy-2 Duranium Hull,0.78,35,11,0,0.015,0,0,0,0.01,0.2,0.075,1,2310,,
14,Hull System,1,3,Heavy,[T1][H] Hvy. Alloy-2 Duranium Hull,0.9,80,8,0,0.018,0,0,0,0.01,0.3,0.035,1,2310,,
14,Hull System,2,1,Light,[T2][L] Lt. Alloy-3 Duranium Hull,0.38,0,11.5,0,0.012,0,0,0,0.01,0.15,0.075,1,2313,,
14,Hull System,2,2,Medium,[T2][M] Med. Alloy-3 Duranium Hull,0.82,35,11,0,0.015,0,0,0,0.01,0.2,0.075,1,2313,,
14,Hull System,2,3,Heavy,[T2][H] Hvy. Alloy-3 Duranium Hull,0.95,80,8,0,0.018,0,0,0,0.01,0.3,0.035,1,2313,,
14,Hull System,3,1,Light,[T3][L] Lt. Alloy-4 Duranium Hull,0.4,0,11,0,0.012,0,0,0,0.01,0.15,0.075,1,*,,
14,Hull System,3,2,Medium,[T3][M] Med. Alloy-4 Duranium Hull,0.86,35,11,0,0.015,0,0,0,0.01,0.2,0.075,1,*,,
14,Hull System,3,3,Heavy,[T3][H] Hvy. Alloy-4 Duranium Hull,1,80,8,0,0.018,0,0,0,0.01,0.3,0.035,1,*,,
15,Structural Integrity Fields,-99,-99,N/A,No SIF,0,0,0,0,0,0,0,0,0,0,0,1,0,,
15,Structural Integrity Fields,-3,1,Light,[T-3][L] Type-I-L SIF,0.215,10,0,10,0.25,0,0.7,2,0.01,0.3,0.07,0.997,2230,,
15,Structural Integrity Fields,-3,2,Medium,[T-3][M] Type-I SIF,0.375,10,0,9,0.06,0,0.68,0.68,0.05,0.35,0.05,0.999,2230,,
15,Structural Integrity Fields,-3,3,Heavy,[T-3][H] Mars-III Special SIF,0.5,27,0,15,0.22,0,0.68,0.68,0.08,0.4,0.075,0.998,2230,,
15,Structural Integrity Fields,-2,1,Light,[T-2][L] Type-II-L SIF,0.25,10,0,10,0.25,0,0.7,2,0.01,0.3,0.07,0.997,2250,,
15,Structural Integrity Fields,-2,2,Medium,[T-2][M] Type-II SIF,0.4,10,0,9,0.06,0,0.68,0.68,0.05,0.35,0.05,0.999,2250,,
15,Structural Integrity Fields,-2,3,Heavy,[T-2][H] Mars-IV Special SIF,0.6,27,0,15,0.22,0,0.68,0.68,0.08,0.4,0.075,0.998,2250,,
15,Structural Integrity Fields,-1,1,Light,[T-1][L] Type-III-L SIF,0.4,10,0,10,0.25,0,0.7,2,0.01,0.3,0.07,0.997,2270,,
15,Structural Integrity Fields,-1,2,Medium,[T-1][M] Type-III SIF,0.45,10,0,9,0.06,0,0.68,0.68,0.05,0.35,0.05,0.999,2270,,
15,Structural Integrity Fields,-1,3,Heavy,[T-1][H] Mars-V Special SIF,0.7,27,0,15,0.22,0,0.68,0.68,0.08,0.4,0.075,0.998,2270,,
15,Structural Integrity Fields,0,1,Light,[T0][L] Type-IV-L SIF,0.6,10,0,10,0.25,0,0.7,2,0.01,0.3,0.07,0.997,2290,,
15,Structural Integrity Fields,0,2,Medium,[T0][M] Type-IV SIF,0.75,20,0,8,0.14,0,0.7,1.2,0.01,0.25,0.07,0.999,2290,,
15,Structural Integrity Fields,0,3,Heavy,[T0][H] Type-IV-H SIF,0.9,34,0,8,0.1,0,0.72,0.74,0.02,0.15,0.06,0.998,2290,,
15,Structural Integrity Fields,1,1,Light,[T1][L] Type-V-L SIF,0.65,10,0,10,0.25,0,0.7,2,0.01,0.25,0.07,0.997,2310,,
15,Structural Integrity Fields,1,2,Medium,[T1][M] Type-V SIF,0.8,20,0,8,0.14,0,0.7,1.2,0.01,0.25,0.07,0.999,2310,,
15,Structural Integrity Fields,1,3,Heavy,[T1][H] Type-V-H SIF,0.95,34,0,8,0.115,0,0.72,0.74,0.02,0.15,0.06,0.998,2310,,
15,Structural Integrity Fields,2,1,Light,[T2][L] Type-VI-L SIF,0.675,10,0,10,0.25,0,0.7,2,0.01,0.25,0.07,0.997,2315,,
15,Structural Integrity Fields,2,2,Medium,[T2][M] Type-VI SIF,0.825,20,0,8,0.14,0,0.7,1.2,0.01,0.25,0.07,0.999,2315,,
15,Structural Integrity Fields,2,3,Heavy,[T2][H] Type-VI-H SIF,0.975,34,0,8,0.115,0,0.72,0.74,0.02,0.15,0.06,0.998,2315,,
15,Structural Integrity Fields,3,1,Light,[T3][L] Type-VII-L SIF,0.7,10,0,10,0.25,0,0.7,2,0.01,0.25,0.07,0.997,*,,
15,Structural Integrity Fields,3,2,Medium,[T3][M] Type-VII SIF,0.85,20,0,8,0.14,0,0.7,1.2,0.01,0.25,0.07,0.999,*,,
15,Structural Integrity Fields,3,3,Heavy,[T3][H] Type-VII-H SIF,1,34,0,8,0.115,0,0.72,0.74,0.02,0.15,0.06,0.998,*,,
15,Structural Integrity Fields,4,1,Light,[T4][L] Type-VIII-L SIF,0.725,10,0,10,0.25,0,0.7,2,0.01,0.25,0.07,0.997,*,,
15,Structural Integrity Fields,4,2,Medium,[T4][M] Type-VIII SIF,0.9,20,0,8,0.14,0,0.7,1.2,0.01,0.25,0.07,0.999,*,,
15,Structural Integrity Fields,4,3,Heavy,[T4][H] Type-VIII-H SIF,1.1,34,0,8,0.115,0,0.72,0.74,0.02,0.15,0.06,0.998,*,,
16,Deflector Shields,-99,-99,N/A,No Shields,0,0,0,0,0,0,0,0,0,0,0,1,0,,
16,Deflector Shields,-3,1,Light,[T-3][L] AAE-L Monophasic Escort Pattern,0.5,0,0,6,0.13,1.5,2,1.5,0.005,0.005,0.08,1,2230,,
16,Deflector Shields,-3,2,Medium,[T-3][M] AAE-M Cyclic Monophasic,0.6,0,0,12,0.15,1.45,1.9,1.45,0.1,0.005,0.14,1,2230,,
16,Deflector Shields,-3,3,Heavy,[T-3][H] AAE-H Monophasic Heavy Pattern,0.8,0,0,16,0.175,1.45,1.9,1.45,0.02,0.005,0.1,1,2230,,
16,Deflector Shields,-2,1,Light,[T-2][L] AAE-B-L Monophasic Escort Pattern,0.7,0,0,6,0.13,1.5,2,1.5,0.005,0.005,0.08,1,2250,,
16,Deflector Shields,-2,2,Medium,[T-2][M] AAE-B-M Cyclic Monophasic,0.9,0,0,12,0.15,1.45,1.9,1.45,0.1,0.005,0.14,1,2250,,
16,Deflector Shields,-2,3,Heavy,[T-2][H] AAE-B-H Monophasic Heavy Pattern,1,0,0,16,0.175,1.45,1.9,1.45,0.02,0.005,0.1,1,2250,,
16,Deflector Shields,-1,1,Light,[T-1][L] Mk1 Monophasic Escort Pattern,0.8,0,0,6,0.13,1.5,2,1.5,0.005,0.005,0.08,1,2270,,
16,Deflector Shields,-1,2,Medium,[T-1][M] Mk1 Cyclic Monophasic E-Type,1.05,0,0,12,0.15,1.45,1.9,1.45,0.1,0.005,0.14,1,2270,,
16,Deflector Shields,-1,3,Heavy,[T-1][H] Mk1 Monophasic Heavy Pattern,1.1,0,0,16,0.175,1.45,1.9,1.45,0.02,0.005,0.1,1,2270,,
16,Deflector Shields,0,1,Light,[T0][L] Mk-III-E Shield Gens,0.9,0,0,6,0.2,1.45,2,1.8,0.005,0.005,0.08,1,2290,,
16,Deflector Shields,0,2,Medium,[T0][M] Mk-III-H Shield Gens,1.15,0,0,16,0.15,1.45,2.2,4,0.02,0.005,0.1,1,2290,,
16,Deflector Shields,0,3,Heavy,[T0][H] Mk-III-SH Shield Gens,1.5,0,0,25,0.135,1.45,2.2,4,0.02,0.005,0.1,1,2290,,
16,Deflector Shields,1,1,Light,[T1][L] Mk-IV-E Shield Gens,0.95,0,0,6,0.2,1.45,2,1.8,0.005,0.005,0.08,1,2307,,
16,Deflector Shields,1,3,Heavy,[T1][H] Mk-IV-H Shield Gens,1.3,0,0,16,0.15,1.45,2.2,4.5,0.02,0.005,0.1,1,2307,,
16,Deflector Shields,2,1,Light,[T2][L] Mk-V-E Shield Gens,1,0,0,6,0.2,1.45,2,1.8,0.005,0.005,0.08,1,2311,,
16,Deflector Shields,2,2,Medium,[T2][M] Mk-V-H Shield Gens,1.45,0,0,16,0.15,1.45,2.2,5,0.02,0.005,0.1,1,2311,,
16,Deflector Shields,2,3,Heavy,[T2][H] Mk-V-SH Shield Gens,1.9,0,0,30,0.135,1.45,2.2,5,0.02,0.005,0.1,1,2311,,
16,Deflector Shields,3,1,Light,[T3][L] Mk-VI-E Shield Gens,1.1,0,0,8,0.2,1.45,2,1.8,0.005,0.005,0.08,1,*,,
16,Deflector Shields,3,2,Medium,[T3][M] Mk-VI-H Shield Gens,1.6,0,0,18,0.15,1.45,2.2,5,0.02,0.005,0.1,1,*,,
16,Deflector Shields,3,3,Heavy,[T3][H] Mk-VI-SH Shield Gens,2.3,0,0,35,0.135,1.45,2.2,5,0.02,0.005,0.1,1,*,,
16,Deflector Shields,99,99,,x[T0] Monophasic Shields (2260s DS),,,,,,,,,,,,,,,
16,Deflector Shields,99,99,,x[T1] Biphasic Shields (DS I),,,,,,,,,,,,,,,
16,Deflector Shields,99,99,,x[T2] Detuned Ellipsoidal Shields (DS II),,,,,,,,,,,,,,,
16,Deflector Shields,99,99,,x[T4] Polyphasic Shields (DS III),,,,,,,,,,,,,,,
16,Deflector Shields,99,99,,x[T4] Self-Integrating Shields (DS IV),,,,,,,,,,,,,,,
17,Navigational Deflectors,99,99,,xNo Nav Deflector,0,0,0,0,0,0,0,0,0,0,0,1,0,,
17,Navigational Deflectors,-3,1,Light,[T-3][L] Saucer-Only Polyphasic Deflector,0.2,2,0,7,0.12,2,1,0,0.04,0.05,0.01,1,2230,,
17,Navigational Deflectors,-3,2,Medium,[T-3][M] Polyphasic Deflector,0.25,4,0,8,0.12,2,1,0,0.06,0.1,0.01,1,2230,,
17,Navigational Deflectors,-3,3,Heavy,[T-3][H] Advanced Polyphasic Deflector,0.4,4,0,7,0.12,2,1,0,0.08,0.075,0.01,1,2230,,
17,Navigational Deflectors,-2,1,Light,[T-2][L] Saucer-Only Gravitic Deflector,0.25,2,0,7,0.12,2,1,0,0.04,0.05,0.01,1,2250,,
17,Navigational Deflectors,-2,2,Medium,[T-2][M] Gravitic Deflector,0.3,4,0,8,0.12,2,1,0,0.06,0.1,0.01,1,2250,,
17,Navigational Deflectors,-2,3,Heavy,[T-2][H] Advanced Gravitic Deflector,0.5,4,0,7,0.12,2,1,0,0.08,0.075,0.01,1,2250,,
17,Navigational Deflectors,-1,1,Light,[T-1][L] Saucer-Only Graviton Deflector,0.3,2,0,7,0.12,2,1,0,0.04,0.05,0.01,1,2270,,
17,Navigational Deflectors,-1,2,Medium,[T-1][M] Graviton Deflector,0.4,4,0,8,0.12,2,1,0,0.06,0.1,0.01,1,2270,,
17,Navigational Deflectors,-1,3,Heavy,[T-1][H] Advanced Graviton Deflector,0.6,4,0,7,0.12,2,1,0,0.08,0.075,0.01,1,2270,,
17,Navigational Deflectors,0,1,Light,[T0][L] Graviton Beam Deflector Saucer-Only,0.3,0,0,7,0.11,2.2,1.1,0,0.05,0.05,0.01,1,2290,,
17,Navigational Deflectors,0,3,Heavy,[T0][H] Advanced Graviton Beam Deflector,0.65,8,0,8,0.11,3,1.25,0,0.06,0.06,0.01,1,2290,,
17,Navigational Deflectors,1,1,Light,[T1][L] Modulated Graviton Beam Deflector Saucer-Only,0.35,0,0,7,0.11,2.2,1.1,0,0.05,0.05,0.01,1,2307,,
17,Navigational Deflectors,1,3,Heavy,[T1][H] Modulated Graviton Beam Deflector,0.7,7.5,0,7.5,0.11,3,1.25,0,0.06,0.06,0.01,1,2307,,
17,Navigational Deflectors,2,1,Light,[T2][L] Graviton Wavefront Deflector Saucer-Only,0.4,0,0,7,0.1,2.2,1.1,0,0.05,0.05,0.01,1,2317,,
17,Navigational Deflectors,2,3,Heavy,[T2][H] Graviton Wavefront Deflector,0.75,7.5,0,7.5,0.1,3,1.25,0,0.06,0.06,0.01,1,2317,,
17,Navigational Deflectors,3,1,Light,[T3][L] Shaped Wavefront Deflector Saucer-Only,0.45,0,0,7,0.1,2.2,1.1,0,0.05,0.05,0.01,1,*,,
17,Navigational Deflectors,3,3,Heavy,[T3][H] Shaped Wavefront Deflector,0.825,7.5,0,7.5,0.1,3,1.25,0,0.06,0.06,0.01,1,*,,
17,Navigational Deflectors,99,99,,x[T0] Graviton Beam Deflector,,,,,,,,,,,,,,,
17,Navigational Deflectors,99,99,,x[T1] Modulated Graviton Beam Deflector,,,,,,,,,,,,,,,
17,Navigational Deflectors,99,99,,x[T2] Graviton Wavefront Deflector,,,,,,,,,,,,,,,
17,Navigational Deflectors,99,99,,x[T3] Shaped Wavefront Deflector,,,,,,,,,,,,,,,
17,Navigational Deflectors,99,99,,x[T4] Astrodynamic Wavefront Deflector,,,,,,,,,,,,,,,
18,Impulse Engine Power,-3,2,Medium,[T-3][M] SDB-26 Std Impulse,0.18,5,0,25,0.06,0.1,0.17,0.35,0,0.1,0.05,1,2230,,
18,Impulse Engine Power,-3,3,Heavy,[T-3][H] SDB R-Type Heavy Impulse,0.45,35,0,35,0.09,0.1,0.12,0.25,0.1,0.045,0.045,1,2230,,
18,Impulse Engine Power,-2,2,Medium,[T-2][M] SDB-44 Std Impulse,0.2,5,0,25,0.06,0.1,0.17,0.35,0,0.1,0.05,1,2250,,
18,Impulse Engine Power,-2,3,Heavy,[T-2][H] SDB C-Type Heavy Impulse,0.55,35,0,35,0.09,0.1,0.12,0.25,0.1,0.045,0.045,1,2250,,
18,Impulse Engine Power,-1,2,Medium,[T-1][M] SDB-65 Std Impulse,0.22,5,0,25,0.06,0.1,0.17,0.35,0,0.1,0.05,1,2270,,
18,Impulse Engine Power,-1,3,Heavy,[T-1][H] SDB E-Type Heavy Impulse,0.65,35,0,35,0.09,0.1,0.12,0.25,0.1,0.045,0.045,1,2270,,
18,Impulse Engine Power,-2,1,Light,[T-2][L] Civilian Basic Impulse,0.2,10,0,25,0.02,0.1,0.15,0.2,0,0.1,0.1,1,2250,,
18,Impulse Engine Power,0,2,Medium,[T0][M] SDB-86 Impulse Drive Sys,0.26,8,0,25,0.06,0.1,0.15,0.3,0.06,0.04,0.04,1,2290,,
18,Impulse Engine Power,1,2,Medium,[T1][M] SDB-97 High-Power Impulse Drive Sys,0.3,8,0,25,0.06,0.1,0.15,0.3,0.06,0.04,0.04,1,2305,,
18,Impulse Engine Power,1,3,Heavy,[T1][H] SDB-97 High-Efficiency Impulse Drive Sys,0.75,45,0,35,0.025,0.1,0.15,0.3,0.06,0.04,0.04,1,2305,,
18,Impulse Engine Power,2,2,Medium,[T2][M] SDB-09 High-Power Impulse Drive Sys,0.36,8,0,25,0.06,0.1,0.15,0.3,0.06,0.04,0.04,1,2313,,
18,Impulse Engine Power,2,3,Heavy,[T2][H] SDB-09 High-Efficiency Impulse Drive Sys,0.85,45,0,35,0.025,0.1,0.15,0.3,0.06,0.04,0.04,1,2313,,
18,Impulse Engine Power,3,2,Medium,[T3][M] SDB-09 High-Power Impulse Drive Sys,0.42,8,0,25,0.06,0.1,0.15,0.3,0.06,0.04,0.04,1,*,,
18,Impulse Engine Power,3,3,Heavy,[T3][H] SDB-09 High-Efficiency Impulse Drive Sys,0.95,45,0,35,0.025,0.1,0.15,0.3,0.06,0.04,0.04,1,*,,
19,Nacelles,-99,-99,N/A,No Warp Drive,0,0,0,0,0,0,0,0,0,0,0,1,0,,
19,Nacelles,-3,1,Light,[T-3][L] 2 X Saladin Nacelles,0.77,5,0,45,0.12,5,5,0,0,0,0,1,2230,,
19,Nacelles,-3,3,Heavy,[T-3][H] 2 X Ranger Heavy Nacelles,1.1,10,0,85,0.15,5,3,0,0,0,0,1,2230,,
19,Nacelles,-2,1,Light,[T-2][L] 2 X Soyuz Nacelles,0.89,5,0,45,0.12,5,5,0,0,0,0,1,2250,,
19,Nacelles,-2,3,Heavy,[T-2][H] 2 X Constitution Heavy Nacelles,1.4,10,0,85,0.15,5,3,0,0,0,0,1,2250,,
19,Nacelles,-1,1,Light,[T-1][L] 2 X Miranda Nacelles,1.084,5,0,45,0.12,5,5,0,0,0,0,1,2270,,
19,Nacelles,-1,2,Medium,[T-1][M] 4 X Constellation Nacelles,1.088,5,0,55,0.12,5,5,0,0,0,0,1,2270,,
19,Nacelles,-1,3,Heavy,[T-1][H] 2 X Constitution-A Heavy Nacelles,1.626,10,0,85,0.15,5,3,0,0,0,0,1,2270,,
19,Nacelles,0,1,Light,[T0][L] 2 X Centaur Nacelles,1.174,5,0,65,0.12,5,5,0,0,0,0,1,2290,,
19,Nacelles,0,3,Heavy,[T0][H] 2 X Excelsior Pattern Nacelles,2.457,20,0,120,0.15,5,2,0,0,0,0,1,2290,,
19,Nacelles,1,1,Light,[T1][L] 2 X Centaur-A Pattern Nacelle,1.536,5,0,50,0.15,5,4,0,0,0,0,1,2306,,
19,Nacelles,1,2,Medium,[T1][M] 2 X 2305 Cruiser Nacelle,2.16,10,0,80,0.15,5,3.5,0,0,0,0,1,2306,,
19,Nacelles,1,3,Heavy,[T1][H] 2 X Excelsior Type-II Pattern Nacelles,2.52,20,0,135,0.16,5,2,0,0,0,0,1,2306,,
19,Nacelles,2,1,Light,[T2][L] 2 X New Orleans Pattern Nacelles,1.85,5.25,0,52,0.15,6,6,0,0,0,0,1,*,,
19,Nacelles,2,3,Heavy,[T2][H] 2 X Ambassador Pattern Nacelles,2.64,20,0,125,0.16,5,2,0,0,0,0,1,*,,
19,Nacelles,99,99,,x[T-1] Constitution-A Pattern Nacelles,1.25,10,0,55,0.2,5,3,0,0,0,0,1,,,
19,Nacelles,99,99,,x[T1] Dual Layer Field Effect Coils,,,,,,,,,,,,,,,
20,Replication Packages,-99,-99,N/A,No Onboard Industry,0,0,0,0,0,0,0,0,0,0,0,1,0,,
20,Replication Packages,-3,2,Medium,[T-3][M] S-Medical Mk I Protein Synth,0.1,7,0,5,0.002,0,0.5,0.5,0,0,0.05,1,2230,,
20,Replication Packages,-3,3,Heavy,[T-3][H] S-Medical Mk I High-Endurance Protein Synth,0.2,7,0,15,0.002,0,0.5,0.5,0,0,0.05,1,2230,,
20,Replication Packages,-2,2,Medium,[T-2][M] S-Medical Mk II Protein Synth,0.15,7,0,5,0.002,0,0.5,0.5,0,0,0.05,1,2250,,
20,Replication Packages,-2,3,Heavy,[T-2][H] S-Medical Mk II High-Endurance Protein Synth,0.25,7,0,15,0.002,0,0.5,0.5,0,0,0.05,1,2250,,
20,Replication Packages,-1,2,Medium,[T-1][M] S-Medical Mk III Protein Synth,0.2,7,0,5,0.002,0,0.5,0.5,0,0,0.05,1,2270,,
20,Replication Packages,-1,3,Heavy,[T-1][H] S-Medical Mk III High-Endurance Protein Synth,0.375,7,0,15,0.002,0,0.5,0.5,0,0,0.05,1,2270,,
20,Replication Packages,0,2,Medium,[T0][M] S-Medical Mk IV Protein Synth,0.3,7,0,7,0.01,0,0.5,0.5,0,0,0.025,1,2290,,
20,Replication Packages,0,3,Heavy,[T0][H] S-Medical Mk IV High-Endurance Protein Synth,0.5,7,0,18,0.01,0,0.5,0.5,0,0,0.025,1,2290,,
20,Replication Packages,1,2,Medium,[T1][M] S-Medical Mk V Protein Synth,0.4,7,0,7,0.01,0,0.5,0.5,0,0,0.025,1,2310,,
20,Replication Packages,1,3,Heavy,[T1][H] S-Medical Mk V High-Endurance Protein Synth,0.625,7,0,18,0.01,0,0.5,0.5,0,0,0.025,1,2310,,
20,Replication Packages,2,2,Medium,[T2][M] S-Medical Mk VI Protein Synth,0.5,7,0,7,0.01,0,0.5,0.5,0,0,0.025,1,2313,,
20,Replication Packages,2,3,Heavy,[T2][H] S-Medical Mk VI High-Endurance Protein Synth,0.75,7,0,18,0.01,0,0.5,0.5,0,0,0.025,1,2313,,
21,Fuel & Matter Stores,-99,-99,N/A,No Fuel,0,0,0,0,0,0,0,0,0,0,0,1,0,,
21,Fuel & Matter Stores,-3,1,Light,[T-3][L] 2220-Light Pattern Deuterium Tanks,0.25,0,0,10,0.055,0,0.25,0.25,0,0,0,1,2230,,
21,Fuel & Matter Stores,-3,2,Medium,[T-3][M] 2220-Heavy Pattern Deuterium Tanks,0.4,30,0,5,0.05,0,0.25,0.25,0,0,0,1,2230,,
21,Fuel & Matter Stores,-3,3,Heavy,[T-3][H] 2220-Large Ship Pattern Deuterium Tanks,0.8,80,0,6,0.0675,0,0.25,0.25,0,0,0,1,2230,,
21,Fuel & Matter Stores,-2,1,Light,[T-2][L] 2240-Light Pattern Deuterium Tanks,0.3,0,0,10,0.055,0,0.25,0.25,0,0,0,1,2250,,
21,Fuel & Matter Stores,-2,2,Medium,[T-2][M] 2240-Heavy Pattern Deuterium Tanks,0.55,30,0,5,0.05,0,0.25,0.25,0,0,0,1,2250,,
21,Fuel & Matter Stores,-2,3,Heavy,[T-2][H] 2240-Large Ship Pattern Deuterium Tanks,0.9,80,0,6,0.0675,0,0.25,0.25,0,0,0,1,2250,,
21,Fuel & Matter Stores,-1,1,Light,[T-1][L] 2260-Light Pattern Deuterium Tanks,0.35,0,0,10,0.055,0,0.25,0.25,0,0,0,1,2270,,
21,Fuel & Matter Stores,-1,2,Medium,[T-1][M] 2260-Heavy Pattern Deuterium Tanks,0.7,30,0,5,0.05,0,0.25,0.25,0,0,0,1,2270,,
21,Fuel & Matter Stores,-1,3,Heavy,[T-1][H] 2260-Large Ship Pattern Deuterium Tanks,1,80,0,6,0.0675,0,0.25,0.25,0,0,0,1,2270,,
21,Fuel & Matter Stores,0,1,Light,[T0][L] 2295-Light Pattern Deuterium Tanks,0.4,0,0,10,0.055,0,0.25,0.25,0,0,0,1,2290,,
21,Fuel & Matter Stores,0,3,Heavy,[T0][H] 2285-Super-Heavy Pattern Deuterium,1.2,85,0,2,0.055,0,0.25,0.25,0,0,0,1,2290,,
21,Fuel & Matter Stores,1,1,Light,[T1][L] 2305-Light Pattern Deuterium Tanks,0.5,0,0,10,0.065,0,0.25,0.25,0,0,0,1,2304,,
21,Fuel & Matter Stores,1,2,Medium,[T1][M] 2305-Heavy Pattern Deuterium Tanks,1.1,40,0,6,0.05,0,0.25,0.25,0,0,0,1,2304,,
21,Fuel & Matter Stores,1,3,Heavy,[T1][H] 2305-Super-Heavy Pattern Deuterium,1.4,85,0,3,0.055,0,0.25,0.25,0,0,0,1,2304,,
21,Fuel & Matter Stores,2,1,Light,[T2][L] 2310-Light Pattern Deuterium Tanks,0.6,0,0,10,0.065,0,0.25,0.25,0,0,0,1,2313,,
21,Fuel & Matter Stores,2,2,Medium,[T2][M] 2310-Heavy Pattern Deuterium Tanks,1.25,40,0,6,0.05,0,0.25,0.25,0,0,0,1,2313,,
21,Fuel & Matter Stores,2,3,Heavy,[T2][H] 2310-Super-Heavy Pattern Deuterium,1.6,85,0,3,0.055,0,0.25,0.25,0,0,0,1,2313,,
21,Fuel & Matter Stores,3,1,Light,[T3][L] 2310-Light Pattern Deuterium Tanks,0.7,0,0,10,0.065,0,0.25,0.25,0,0,0,1,*,,
21,Fuel & Matter Stores,3,2,Medium,[T3][M] 2310-Heavy Pattern Deuterium Tanks,1.4,40,0,6,0.05,0,0.25,0.25,0,0,0,1,*,,
21,Fuel & Matter Stores,3,3,Heavy,[T3][H] 2310-Super-Heavy Pattern Deuterium,1.8,85,0,3,0.055,0,0.25,0.25,0,0,0,1,*,,
21,Fuel & Matter Stores,99,99,,x[T0] Mk1 Antimatter Containment Tank,,,,,,,,,,,,,,,
22,Warp Core Types,-2,-99,N/A,[T-2] Yoyodyne Pulse Fusion (Fusion Only),10,8,0,18,0.08,0,0,0,0.05,0.05,0.05,1,2120,,
22,Warp Core Types,-3,1,Light,[T-3][L][C+] Delta Vega-12 Warp Core,26,0,0,20,0.07,0,0,0,0.1,0.2,0.1,0.997,2230,,
22,Warp Core Types,-3,3,Heavy,[T-3][H][R+C+] Venus-I C-Layout Warp Core,34,20,0,27.5,0.07,0,0,0,0.1,0.2,0.1,0.999,2230,,
22,Warp Core Types,-3,3,Heavy,[T-3][H][C-SR+] YYD-VI Heavy Core,34,20,0,27.5,0.11,0,0,0,0.07,0.035,0.07,0.997,2230,,
22,Warp Core Types,-2,1,Light,[T-2][L][C+] Delta Vega-12 Warp Core,28,0,0,20,0.07,0,0,0,0.1,0.2,0.1,0.997,2250,,
22,Warp Core Types,-2,3,Heavy,[T-2][H][R+C+] Venus-II C-Layout Warp Core,36,20,0,27.5,0.07,0,0,0,0.1,0.2,0.1,0.999,2250,,
22,Warp Core Types,-2,3,Heavy,[T-2][H][C-SR+] Type-E Block-1 Automated Core,36,20,0,27.5,0.11,0,0,0,0.07,0.035,0.07,0.997,2250,,
22,Warp Core Types,-1,1,Light,[T-1][L][C+] Delta Vega-24 Warp Core,29,0,0,20,0.07,0,0,0,0.1,0.2,0.1,0.997,2270,,
22,Warp Core Types,-1,3,Heavy,[T-1][H][R+C+] Venus-III C-Layout Warp Core,38,20,0,27.5,0.07,0,0,0,0.1,0.2,0.1,0.999,2270,,
22,Warp Core Types,-1,3,Heavy,[T-1][H][C-SR+] Type-E Block-2 Automated Core,38,20,0,27.5,0.11,0,0,0,0.07,0.035,0.07,0.997,2270,,
22,Warp Core Types,0,1,Light,[T0][L][R-C-SR+] Delta Vega-28 Automated Core,30,0,0,20,0.11,0,0,0,0.05,0.025,0.05,0.995,2290,,
22,Warp Core Types,0,1,Light,[T0][L][C+] Delta Vega-26 Warp Core,30,0,0,20,0.07,0,0,0,0.1,0.15,0.1,0.997,2290,,
22,Warp Core Types,0,3,Heavy,[T0][H][R+C+] Venus-IV C-Layout Warp Core,40,20,0,27.5,0.07,0,0,0,0.1,0.15,0.1,0.999,2290,,
22,Warp Core Types,0,3,Heavy,[T0][H][C-SR+] Type-E Block-3 Automated Core,40,20,0,27.5,0.11,0,0,0,0.07,0.035,0.07,0.997,2290,,
22,Warp Core Types,1,1,Light,[T1][L][R---C+] Type-I Experimental (40E) Warp Core,40,0,0,20,0.11,0,0,0,0.1,0.15,0.1,0.98,2306,,
22,Warp Core Types,1,3,Heavy,[T1][H][R---C+] Type-II Experimental (Venus) Warp Core,50,20,0,27.5,0.13,0,0,0,0.1,0.15,0.1,0.98,2306,,
22,Warp Core Types,1,3,Heavy,[T1][H][R+C-] Type-E Block-4 Automated Core,42,20,0,27.5,0.07,0,0,0,0.07,0.035,0.07,0.999,2306,,
22,Warp Core Types,2,1,Light,[T2][L][R--C-SR+] ONA-III-L Experimental,41,0,0,20,0.16,0,0,0,0.05,0.065,0.05,0.99,2313,,
22,Warp Core Types,2,1,Light,[T2][L][C+] Type-I Block-A (40E) Warp Core,41,0,0,20,0.09,0,0,0,0.1,0.15,0.1,0.997,2313,,
22,Warp Core Types,2,2,Medium,[T2][M][R--C-SR+] ONA-III-M Experimental,51,0,0,27.5,0.18,0,0,0,0.06,0.075,0.06,0.99,2313,,
22,Warp Core Types,2,2,Medium,[T2][M][R-C+] Type-III Block-A (YYD) Warp Core,51,0,0,27.5,0.12,0,0,0,0.11,0.16,0.11,0.995,2313,,
22,Warp Core Types,2,3,Heavy,[T2][H][R--C-SR+] ONA-III-H Experimental,61,20,0,27.5,0.18,0,0,0,0.07,0.085,0.07,0.99,2313,,
22,Warp Core Types,2,3,Heavy,[T2][H][C+] Type-II Block-A (Venus) Warp Core,61,20,0,27.5,0.12,0,0,0,0.12,0.17,0.12,0.997,2313,,
22,Warp Core Types,3,1,Light,[T3][L][R-C-SR+] ONA-IV-L Standard,42,0,0,20,0.14,0,0,0,0.05,0.065,0.05,0.995,2318,,
22,Warp Core Types,3,1,Light,[T3][L][R+C+] Type-I Block-B (40E) Warp Core,42,0,0,20,0.08,0,0,0,0.1,0.15,0.1,0.999,2318,,
22,Warp Core Types,3,2,Medium,[T3][M][R-C-SR+] ONA-IV-M Standard,52,0,0,27.5,0.16,0,0,0,0.06,0.075,0.06,0.995,2318,,
22,Warp Core Types,3,2,Medium,[T3][M][C+] Type-III Block-B (YYD) Warp Core ,52,0,0,27.5,0.1,0,0,0,0.11,0.16,0.11,0.997,2318,,
22,Warp Core Types,3,3,Heavy,[T3][H][R-C-SR+] ONA-IV-H Standard,62,20,0,27.5,0.16,0,0,0,0.07,0.085,0.07,0.995,2318,,
22,Warp Core Types,3,3,Heavy,[T3][H][R+C+] Type-II Block-B (Venus) Warp Core,62,20,0,27.5,0.11,0,0,0,0.12,0.17,0.12,0.999,2318,,
23,Matter/Anti-Matter Injectors,-2,-99,N/A,[T-2][R--]Integrated Injectors,-4,0,0,0,0,0,0,0,0,0,0,0.99,0,,
23,Matter/Anti-Matter Injectors,-3,1,Light,[T-3][L][C-] Luna-I High-Efficiency M/AM System,6,0,0,10,0.095,0,0,0,0.025,0.025,0.025,0.997,2230,,
23,Matter/Anti-Matter Injectors,-3,2,Medium,[T-3][M][R+] Mk IV M/AM System,9,5,0,13.5,0.095,0,0,0,0.08,0.04,0.08,0.999,2230,,
23,Matter/Anti-Matter Injectors,-3,3,Heavy,[T-3][H][C+SR+] Mk IV High Volume M/AM System,13.5,12,0,15.5,0.15,0,0,0,0.16,0.12,0.16,0.997,2230,,
23,Matter/Anti-Matter Injectors,-2,1,Light,[T-2][L][C-] Luna-II High-Efficiency M/AM System,7,0,0,10,0.095,0,0,0,0.025,0.025,0.025,0.997,2250,,
23,Matter/Anti-Matter Injectors,-2,2,Medium,[T-2][M][R+] Mk V M/AM System,10.5,5,0,13.5,0.095,0,0,0,0.08,0.04,0.08,0.999,2250,,
23,Matter/Anti-Matter Injectors,-2,3,Heavy,[T-2][H][C+SR+] Mk V High Volume M/AM System,15.75,12,0,15.5,0.15,0,0,0,0.16,0.12,0.16,0.997,2250,,
23,Matter/Anti-Matter Injectors,-1,1,Light,[T-1][L][C-] Luna-III High-Efficiency M/AM System,8,0,0,10,0.095,0,0,0,0.025,0.025,0.025,0.997,2270,,
23,Matter/Anti-Matter Injectors,-1,2,Medium,[T-1][M][R+] Mk VI M/AM System,12,5,0,13.5,0.095,0,0,0,0.08,0.04,0.08,0.999,2270,,
23,Matter/Anti-Matter Injectors,-1,3,Heavy,[T-1][H][C+SR+] Mk VI High Volume M/AM System,18,12,0,15.5,0.15,0,0,0,0.16,0.12,0.16,0.997,2270,,
23,Matter/Anti-Matter Injectors,0,1,Light,[T0][L][C-] Luna-IV High-Efficiency M/AM System,9,0,0,10.2,0.1,0,0,0,0.025,0.025,0.025,0.997,2290,,
23,Matter/Anti-Matter Injectors,0,2,Medium,[T0][M][R+] Mk VII Sublimator-Compressor,13.5,5,0,13.77,0.1,0,0,0,0.08,0.04,0.08,0.999,2290,,
23,Matter/Anti-Matter Injectors,0,3,Heavy,[T0][H][C+SR+] Mk VII Complex Sublimator-Compressor,20.25,12,0,15.81,0.18,0,0,0,0.16,0.12,0.16,0.997,2290,,
23,Matter/Anti-Matter Injectors,1,1,Light,[T1][L][R-C-] Luna-V High-Efficiency M/AM System,10,0,0,10.4,0.1,0,0,0,0.025,0.025,0.025,0.995,2306,,
23,Matter/Anti-Matter Injectors,1,2,Medium,[T1][M] Mk VIII Sublimator-Compressor,15,5,0,14.04,0.1,0,0,0,0.08,0.04,0.08,0.997,2306,,
23,Matter/Anti-Matter Injectors,1,3,Heavy,[T1][H][R-C+SR+] Mk VIII High Volume Compressor,22.5,12,0,16.12,0.18,0,0,0,0.16,0.12,0.16,0.995,2306,,
23,Matter/Anti-Matter Injectors,2,1,Light,[T2][L][R-C-] Luna-VI High-Efficiency M/AM System,11,0,0,10.6,0.1,0,0,0,0.025,0.025,0.025,0.995,2313,,
23,Matter/Anti-Matter Injectors,2,2,Medium,[T2][M] Mk IX Sublimator-Compressor,16.5,5,0,14.31,0.1,0,0,0,0.08,0.04,0.08,0.997,2313,,
23,Matter/Anti-Matter Injectors,2,3,Heavy,[T2][H][R-C+SR+] Mk IX High Volume Compressor,24.75,12,0,16.43,0.18,0,0,0,0.16,0.12,0.16,0.995,2313,,
23,Matter/Anti-Matter Injectors,3,1,Light,[T3][L][R-C-] Luna-VII High-Efficiency M/AM System,12,0,0,10.8,0.1,0,0,0,0.025,0.025,0.025,0.995,*,,
23,Matter/Anti-Matter Injectors,3,2,Medium,[T3][M] Mk X Sublimator-Compressor,18,5,0,14.58,0.1,0,0,0,0.08,0.04,0.08,0.997,*,,
23,Matter/Anti-Matter Injectors,3,3,Heavy,[T3][H][R-C+SR+] Mk X High Volume Compressor,27,12,0,16.74,0.18,0,0,0,0.16,0.12,0.16,0.995,*,,
23,Matter/Anti-Matter Injectors,4,1,Light,[T4][L][R-C-] Luna-VIII High-Efficiency M/AM System,13,0,0,11,0.1,0,0,0,0.025,0.025,0.025,0.995,*,,
23,Matter/Anti-Matter Injectors,4,2,Medium,[T4][M] Mk XI Sublimator-Compressor,19.5,5,0,14.85,0.1,0,0,0,0.08,0.04,0.08,0.997,*,,
23,Matter/Anti-Matter Injectors,4,3,Heavy,[T4][H][R-C+SR+] Mk XI High Volume Compressor,29.25,12,0,17.05,0.18,0,0,0,0.16,0.12,0.16,0.995,*,,
24,Coolant Systems,-2,-99,N/A,[T-2][R-SR-] Integrated Coolant,-15,0,0,7,0.02,0,0,0,0,0,0,1,0,,
24,Coolant Systems,-3,1,Light,[T-3][L][R-] Mk IV Mod L Coolant System,-14.5,0,0,4,0.1,0,0,0,0.01,0.01,0.01,1.001,2230,,
24,Coolant Systems,-3,2,Medium,[T-3][M] Mk IV Yoyodyne Coolant System,-11,5,0,4.8,0.08,0,0,0,0.01,0.01,0.01,1.003,2230,,
24,Coolant Systems,-2,1,Light,[T-2][L][R-] Mk V Mod L Coolant System,-14,0,0,4,0.1,0,0,0,0.01,0.01,0.01,1.001,2250,,
24,Coolant Systems,-2,2,Medium,[T-2][M] Mk V Yoyodyne Coolant System,-10.25,5,0,4.8,0.08,0,0,0,0.01,0.01,0.01,1.003,2250,,
24,Coolant Systems,-1,1,Light,[T-1][L][R-] Mk V Mod L Coolant System,-13,0,0,4,0.1,0,0,0,0.01,0.01,0.01,1.001,2270,,
24,Coolant Systems,-1,2,Medium,[T-1][M] Mk V Yoyodyne Coolant System,-10,5,0,4.8,0.08,0,0,0,0.01,0.01,0.01,1.003,2270,,
24,Coolant Systems,0,1,Light,[T0][L][R-SR-] VSA-12-L Efficient Coolant System,-12.1875,0,0,4,0.03,0,0,0,0.01,0.01,0.01,1.001,2290,,
24,Coolant Systems,0,1,Light,[T0][L] Mk VI Mod L Yoyodyne Coolant System,-9.75,0,0,4,0.11,0,0,0,0.01,0.01,0.01,1.003,2290,,
24,Coolant Systems,0,3,Heavy,[T0][H][SR-] SBD-VI Efficient Coolant System,-4.875,15,0,6,0.02,0,0,0,0.01,0.01,0.01,1.003,2290,,
24,Coolant Systems,0,3,Heavy,[T0][H][R+] Mk VI Mod H Yoyodyne Coolant System,-3.9,15,0,6,0.08,0,0,0,0.01,0.01,0.01,1.005,2290,,
24,Coolant Systems,1,1,Light,[T1][L][R-SR-] VSA-13-L Efficient Coolant System,-11.875,0,0,4,0.02,0,0,0,0.01,0.01,0.01,1.001,2306,,
24,Coolant Systems,1,1,Light,[T1][L] Mk VII Mod L Yoyodyne Coolant System,-9.5,0,0,4,0.1,0,0,0,0.01,0.01,0.01,1.003,2306,,
24,Coolant Systems,1,3,Heavy,[T1][H][SR-] SBD-VII Efficient Coolant System,-4.75,15,0,6,0.02,0,0,0,0.01,0.01,0.01,1.003,2306,,
24,Coolant Systems,1,3,Heavy,[T1][H][R+] Mk VII Mod H Yoyodyne Coolant System,-3.8,15,0,6,0.08,0,0,0,0.01,0.01,0.01,1.005,2306,,
24,Coolant Systems,2,1,Light,[T2][L][R-SR-] VSA-14-L Efficient Coolant System,-11.5625,0,0,4,0.02,0,0,0,0.01,0.01,0.01,1.001,2311,,
24,Coolant Systems,2,1,Light,[T2][L] Mk VIII Mod L Yoyodyne Coolant System,-9.25,0,0,4,0.1,0,0,0,0.01,0.01,0.01,1.003,2311,,
24,Coolant Systems,2,2,Medium,[T2][M][R+SR+] Mars-8 Experimental Coolant System,-7.4,5,0,4.8,0.12,0,0,0,0.0125,0.0125,0.0125,1.005,2311,,
24,Coolant Systems,2,3,Heavy,[T2][H][SR-] SBD-VIII Efficient Coolant System,-4.625,15,0,6,0.02,0,0,0,0.01,0.01,0.01,1.003,2311,,
24,Coolant Systems,2,3,Heavy,[T2][H][R+] Mk VIII Mod H Yododyne SBD Coolant System,-3.7,15,0,6,0.08,0,0,0,0.01,0.01,0.01,1.005,2311,,
24,Coolant Systems,3,1,Light,[T3][L][R-SR-] VSA-15-L Efficient Coolant System,-11.25,0,0,4,0.02,0,0,0,0.01,0.01,0.01,1.001,*,,
24,Coolant Systems,3,1,Light,[T3][L] Mk IX Mod L Yoyodyne Coolant System,-9,0,0,4,0.1,0,0,0,0.01,0.01,0.01,1.003,*,,
24,Coolant Systems,3,2,Medium,[T3][M][R+SR+] Mars-9 Experimental Coolant System,-7.2,5,0,4.8,0.12,0,0,0,0.0125,0.0125,0.0125,1.005,*,,
24,Coolant Systems,3,3,Heavy,[T3][H][SR-] SBD-IX Efficient Coolant System,-4.5,15,0,6,0.02,0,0,0,0.01,0.01,0.01,1.003,*,,
24,Coolant Systems,3,3,Heavy,[T3][H][R+] Mk IX Mod H Yoyodyne Coolant System,-3.6,15,0,6,0.08,0,0,0,0.01,0.01,0.01,1.005,*,,
24,Coolant Systems,99,99,,x[T-1] Constitution Coolant System,,,,,,,,,,,,,,,
24,Coolant Systems,99,99,,x[T0] Basic Plasma Intercooler,,,,,,,,,,,,,,,
24,Coolant Systems,99,99,,x[T1] Mk II Plasma Intercooler,,,,,,,,,,,,,,,
25,EPS Manifold System,99,99,,xNo EPS Manifold,,,,,,,,,,,,,,,
25,EPS Manifold System,-3,1,Light,[T-3][L][R+] Tellar HIG-63 Pulse Injection Manifold,7,8,0,2,0.09,0,0,0,0,0.01,0.01,0.999,2230,,
25,EPS Manifold System,-3,2,Medium,[T-3][M][R++E+] VSA-1 Plasma Manifold,10.25,8,0,2,0.08,0,0,0,0,0.1,0.01,1,2230,,
25,EPS Manifold System,-3,3,Heavy,[T-3][H][R++O+] YYD-M3 Manifold,13,20,0,2,0.08,0,0,0,0.1,0,0.01,1,2230,,
25,EPS Manifold System,-2,1,Light,[T-2][L][R+] Tellar HIG-76 Pulse Injection Manifold,8,8,0,2,0.09,0,0,0,0,0.01,0.01,0.999,2250,,
25,EPS Manifold System,-2,2,Medium,[T-2][M][R++E+] VSA-2 Plasma Manifold,11.5,8,0,2,0.08,0,0,0,0,0.1,0.01,1,2250,,
25,EPS Manifold System,-2,3,Heavy,[T-2][H][R++O+] YYD-M4 Manifold,14,20,0,2,0.08,0,0,0,0.1,0,0.01,1,2250,,
25,EPS Manifold System,-1,1,Light,[T-1][L][R+] Tellar HIG-84 Pulse Injection Manifold,9,8,0,2,0.09,0,0,0,0,0.01,0.01,0.999,2270,,
25,EPS Manifold System,-1,2,Medium,[T-1][M][R++E+] VSA-3 Plasma Manifold,13,8,0,2,0.08,0,0,0,0,0.1,0.01,1,2270,,
25,EPS Manifold System,-1,3,Heavy,[T-1][H][R++O+] SBD-1 Manifold,15.5,20,0,2,0.08,0,0,0,0.1,0,0.01,1,2270,,
25,EPS Manifold System,0,1,Light,[T0][L][R+] Tellar HIG-92 Pulse Injection Manifold,10,8,0,2,0.09,0,0,0,0,0.01,0.01,0.999,2290,,
25,EPS Manifold System,0,2,Medium,[T0][M] VSA-4 Pulse Injection Manifold,14,14,0,2,0.09,0,0,0,0,0.01,0.01,0.997,2290,,
25,EPS Manifold System,0,3,Heavy,[T0][H][R-] SF-V Performance Manifold,17,20,0,2,0.09,0,0,0,0,0.01,0.01,0.995,2290,,
25,EPS Manifold System,1,1,Light,[T1][L][R+] Tellar HIG-103 Pulse Injection Manifold,11,8,0,2,0.1,0,0,0,0,0.01,0.01,0.99925,2306,,
25,EPS Manifold System,1,2,Medium,[T1][M] VSA-5 Pulse Injection Manifold,15.25,14,0,2,0.1,0,0,0,0,0.01,0.01,0.9975,2306,,
25,EPS Manifold System,2,1,Light,[T2][L][SR-] 40EA-I Industrial Injection Manifold,9,8,0,2.2,0.04,0,0,0,0,0.01,0.01,0.9975,2311,,
25,EPS Manifold System,2,1,Light,[T2][L][R+] Tellar HIG-110 Pulse Injection Manifold,12,8,0,2.2,0.11,0,0,0,0,0.01,0.01,0.99925,2311,,
25,EPS Manifold System,2,2,Medium,[T2][M][SR-] SBD-A Efficient Manifold,12.375,14,0,2.2,0.04,0,0,0,0,0.01,0.01,0.997,2311,,
25,EPS Manifold System,2,2,Medium,[T2][M][R+] VSA-6 Pulse Injection Manifold,16.5,14,0,2.2,0.11,0,0,0,0,0.01,0.01,0.999,2311,,
25,EPS Manifold System,2,3,Heavy,[T2][H][R-SR-] YYD-4 Performance Manifold,15,20,0,2.2,0.04,0,0,0,0,0.01,0.01,0.995,2311,,
25,EPS Manifold System,2,3,Heavy,[T2][H] SF-VII Performance Manifold,20,20,0,2.2,0.11,0,0,0,0,0.01,0.01,0.997,2311,,
25,EPS Manifold System,3,1,Light,[T3][L][SR-] 40EA-II Industrial Injection Manifold ,9.75,8,0,2.2,0.04,0,0,0,0,0.01,0.01,0.998,2315,,
25,EPS Manifold System,3,1,Light,[T3][L][R+] Tellar HIG-117 Pulse Injection Manifold ,13,8,0,2.2,0.11,0,0,0,0,0.01,0.01,0.9995,2315,,
25,EPS Manifold System,3,2,Medium,[T3][M][SR-] SBD-B Efficient Manifold,13.3125,14,0,2.2,0.04,0,0,0,0,0.01,0.01,0.9975,2315,,
25,EPS Manifold System,3,2,Medium,[T3][M][R+] VSA-7 Pulse Injection Manifold,17.75,14,0,2.2,0.11,0,0,0,0,0.01,0.01,0.99925,2315,,
25,EPS Manifold System,3,3,Heavy,[T3][H][R-SR-] YYD-5 Performance Manifold,16.125,20,0,2.2,0.04,0,0,0,0,0.01,0.01,0.996,2315,,
25,EPS Manifold System,3,3,Heavy,[T3][H] SF-VIII Performance Manifold,21.5,20,0,2.2,0.11,0,0,0,0,0.01,0.01,0.9975,2315,,
25,EPS Manifold System,4,1,Light,[T4][L][SR-] 40EA-III Industrial Injection Manifold,10.5,8,0,2.2,0.04,0,0,0,0,0.01,0.01,0.998,*,,
25,EPS Manifold System,4,1,Light,[T4][L][R+] Tellar HIG-122 Pulse Injection Manifold,14,8,0,2.2,0.11,0,0,0,0,0.01,0.01,0.9995,*,,
25,EPS Manifold System,4,2,Medium,[T4][M][SR-] SBD-C Efficient Manifold,14.25,14,0,2.2,0.04,0,0,0,0,0.01,0.01,0.9975,*,,
25,EPS Manifold System,4,2,Medium,[T4][M][R+] VSA-8 Pulse Injection Manifold,19,14,0,2.2,0.11,0,0,0,0,0.01,0.01,0.99925,*,,
25,EPS Manifold System,4,3,Heavy,[T4][H][R-SR-] YYD-7 Performance Manifold,17.25,20,0,2.2,0.04,0,0,0,0,0.01,0.01,0.996,*,,
25,EPS Manifold System,4,3,Heavy,[T4][H] SF-IX Performance Manifold,23,20,0,2.2,0.11,0,0,0,0,0.01,0.01,0.9975,*,,
25,EPS Manifold System,99,99,,x[T0] Ion Distributor,,,,,,,,,,,,,,,
25,EPS Manifold System,99,99,,x[T0] Pulse Injection Manifold,,,,,,,,,,,,,,,
25,EPS Manifold System,99,99,,x[T1] Phased Injection Manifold,,,,,,,,,,,,,,,
26,Eject System,-99,-99,N/A,No Eject,0,0,0,0,0,0,0,0,0,0,0,0.7,0,,
26,Eject System,-3,-99,N/A,[T-3] Manual Ejection - Early Mechanical,0,15,0,0,0.2,0,0,0,0,0,0.01,0.65,2230,,
26,Eject System,-2,-99,N/A,[T-2] Manual Ejection - Mechanical,0,15,0,0,0.2,0,0,0,0,0,0.01,0.6,2250,,
26,Eject System,-1,-99,N/A,[T-1] Manual Ejection - Basic EM Rails,0,10,0,0,0.2,1,0,0,0,0,0.01,0.5,2270,,
26,Eject System,0,-99,N/A,[T0] EngOS Monitoring - Heavy EM Rails,0,5,0,0,0.2,5,0,0,0,0,0.01,0.45,2290,,
26,Eject System,1,-99,N/A,[T1] EngOS Monitoring - Super Heavy EM Rails,0,5,0,0,0.2,5,0,0,0,0,0.01,0.375,2310,,
26,Eject System,2,-99,N/A,[T2] EngOS Monitoring - Anak-Krueger EM Rails,0,5,0,0,0.2,5,0,0,0,0,0.01,0.365,2315,,
26,Eject System,3,-99,N/A,[T3] EngOS 3.1 Monitoring - YYD-Emergency VI EM Rails,0,5,0,0,0.2,5,0,0,0,0,0.01,0.36,*,,