,,Class Name,SWB Cheapish Kepler,,,,Total,C,S,H,L,P,D,Weight,BR Cost,SR Cost,Pwr Cost,Pwr Gen,O,E,T,Reliability,Build Time,Tech Time,,,Snapshots,,,,,,,Part & Frame Classifications (can be hidden),,,,,,,,Refit Formulas (can be hidden),,,,,,,,,,,,,,,,,,Part & Qty (can be hidden),,,Stat & Cost Display Formulas (can be hidden),,,,,,,,,,,,,,,,,,Stat & Cost Formulas (can be hidden),,,,,,,,,,,,,,,,,,,Stat & Cost Intermediate Constants and Formulas (can be hidden),,,,,,,,,,,,,Raw Part Stats (can be hidden),,,,,,,,,,,,,,SNAPSHOT ARCHIVE: Part & Qty (can be hidden),,,SNAPSHOT ARCHIVE: Stat & Cost Display Formulas (can be hidden),,,,,,,,,,,,,,,,,,SNAPSHOT ARCHIVE: Stat & Cost Formulas (can be hidden),,,,,,,,,,,,,,,,,,,SNAPSHOT ARCHIVE: Stat & Cost Intermediate Constants and Formulas (can be hidden),,,,,,,,,,,,,SNAPSHOT ARCHIVE: Raw Part Stats (can be hidden),,,,,,,,,,,,,Validation Range Columns (can be hidden),,,,,,,,,,,,,,,,,,,,,,,,,,,,,,,,,,,,,,
,,Original Design Mode,No Diff with Snapshots,,Allow N/A Parts,,Raw,2.14,7.02,2.11,4.05,5.02,4.13,947.800,94.780,74.455,107.465,107.569,1.32,2.64,3.07,99.315%,2 2/12,,,,,,,,,,,,,,,,,,,,,,,,,,,,,,,,,,,,,,,,,,,,,,,,,,,,,,,,,,,,,,,,,,,,,,,,,,,,,,,,,,,,,,,,,,,,,,,,,,,,,,,,,,,,,,,,,,,,,,,,,,,,,,,,,,,,,,,,,,,,,,,,,,,,,,,,,,,,,,,,,,,,,,,,,,Component Name,Principal Frame,Tactical Sub-Frame,Operations Sub-Frame,Hull Sub-Frame,Engineering Sub-Frame,Warp Core Sub-Frame,Primary Phasers,Secondary Phasers,Torpedo System,Short-Range Sensors,Targeting Computer,Deflector Shields,Backup Deflectors,Impulse Engine Pwr,Long-Range Sensors,Navigational Sensors,Survey Sensors,Science Labs,Computer Core,Operating System,Secondary Core,Diplomatic Package,Recreation Package,Sickbay,Hull System,Structural Integrity Fields,Navigational Deflector,Nacelle System,Replication Package,Fuel & Matter Stores,Warp Core Type,Safety/Performance,M/AM Injectors,Coolant Systems,EPS Manifold System,Eject System,Module Type,Module Variant
,,Show Value,Show Costs,,Size Filter,Tier Filter,Final,2.00,7.00,2.00,4.00,5.00,4.00,948,95,75,107,108,2,3,4,99.32%,2 2/12,,,,,,,,,,,,,,,,,,,,,,,,,,,,,,,,,,,,,,,,,,,,,,,,,,,,,,,,,,,,,,,,,,,,,,,,,,,,,,,,,,,,,,,,,,,,,,,,,,,,,,,,,,,,,,,,,,,,,,,,,,,,,,,,,,,,,,,,,,,,,,,,,,,,,,,,,,,,,,,,,,,,,,,,,,Type,Frame,Tactical,Operations,Hull,Engineering,Warp Core,Phasers,Phasers,Torpedoes,Short-Range Sensors,Targeting Computers,Deflector Shields,Deflector Shields,Impulse Engine Power,Long-Range Sensors,Navigational Sensors,Survey Sensors,Science Labs,Computer Cores,Operating System,Computer Cores,Diplomatic Packages,Recreation Packages,Sickbays,Hull System,Structural Integrity Fields,Navigational Deflectors,Nacelles,Replication Packages,Fuel & Matter Stores,Warp Core Types,Safety/Performance,Matter/Anti-Matter Injectors,Coolant Systems,EPS Manifold System,Eject System,,
,"Fixing Dropdowns (Data Validation Ranges) ... (if this stays for longer than 3 minutes, please run menu -> Ship Design Scripts -> Fix Dropdowns (Data Validation Ranges))",,,,,,,,,,,,,,,,,,,,,,,,,,,,,,,,,,,,,,,,,,,,,,,,,,,,,,,,,,,,,,,,,,,,,,,,,,,,,,,,,,,,,,,,,,,,,,,,,,,,,,,,,,,,,,,,,,,,,,,,,,,,,,,,,,,,,,,,,,,,,,,,,,,,,,,,,,,,,,,,,,,,,,,,,,,,,,,,,,,,,,,,,,,,,,,,Parent Type,,Frame,Frame,Frame,Frame,Frame,Tactical,Tactical,Tactical,Tactical,Tactical,Tactical,Tactical,Tactical,Operations,Operations,Operations,Operations,Operations,Operations,Operations,Operations,Operations,Operations,Engineering,Engineering,Engineering,Engineering,Engineering,Engineering,Warp Core,Warp Core,Warp Core,Warp Core,Warp Core,Warp Core,,
,,Design Validation & Misc Info,,Subsystem,Weight,Weight Cap,Power Cost,Power Gen,,,Stat,,V,Weight,BR Cost,SR Cost,Pwr Cost,Pwr Gen,O,E,T,Reliability,Build Time,Tech Time,,,Live,Click to Archive 1,,Click to Archive 2,,,,,Constants,,,,,,,,,,,Stat,V,Weight,BR Cost,SR Cost,Pwr Cost,Pwr Gen,O,E,T,Reliability,,,,,,,,,,,Stat,V,Weight,BR Cost,SR Cost,Pwr Cost,Pwr Gen,O,E,T,Reliability,,,,,,,,,Stat,V,Weight,BR Cost,SR Cost,Pwr Cost,Pwr Gen,O,E,T,Reliability,,,,,,,,,,,,,,,,,,,,,,,,,,,,,,,,,,,,,,Stat,V,Weight,BR Cost,SR Cost,Pwr Cost,Pwr Gen,O,E,T,Reliability,,,,,,,,,Stat,V,Weight,BR Cost,SR Cost,Pwr Cost,Pwr Gen,O,E,T,Reliability,,,,,,,,,,,,,,,,,,,,,,,,,,,,,,Filter to Part,,,,,,,,,,,,,,,,,,,,,,,,,,,,,,,,,,,,,,
,,Current Year,,Frame,135.00,900,0.00,0.00,,,Combat,,2,54.840,5.484,3.594,11.334,0.000,0.32,0.60,0.29,99.998%,TODO,,,,Class,SWB Cheapish Kepler,,,,Design Sheet Version: C8,,,Size-to-Weight-Cap Multiplier,,300,,,,,,,,,Combat,2,54.840,5.484,3.594,11.334,0.000,0.32,0.60,0.29,-0.002%,,,,,,,,,,,Combat,2,54.840,5.484,3.594,11.334,0.000,0.319,0.597,0.293,99.998%,,,,,,,,,Combat,2.000,54.840,5.484,3.594,11.334,0.000,0.319,0.597,0.293,99.998%,,,,,,,,,,,,,,,,,,,,,,,,,,,,,,,,,,,,,,Combat,0,0.000,0.000,0.000,0.000,0.000,0.000,0.000,0.000,100.000%,,,,,,,,,Combat,0.000,0.000,0.000,0.000,0.000,0.000,0.000,0.000,0.000,100.000%,,,,,,,,,,,,,,,,,,,,,,,,,,,,,,Tier Filter,,,,,,,,,,,,,,,,,,,,,,,,,,,,,,,,,,,,,,
,,2316,,Tactical,131.50,[225.0],29.99,0.00,,,Science,,7,227.667,22.767,19.257,18.061,0.000,0.34,0.64,1.33,99.998%,,,,,Stat Line,C2 S7 H2 L4 P5 D4 - 95br 75sr - 948kt [2 2/12]yr - O2 E3 T4,,,,,,,BR-to-Weight Multiplier,,10,,,,,,,,,Science,7,227.667,22.767,19.257,18.061,0.000,0.34,0.64,1.33,-0.002%,,,,,,,,,,,Science,7,227.667,22.767,19.257,18.061,0.000,0.344,0.642,1.329,99.998%,,,,,,,,,Science,7.000,227.667,22.767,19.257,18.061,0.000,0.344,0.642,1.329,99.998%,,,,,,,,,,,,,,,,,,,,,,,,,,,,,,,,,,,,,,Science,0,0.000,0.000,0.000,0.000,0.000,0.000,0.000,0.000,100.000%,,,,,,,,,Science,0.000,0.000,0.000,0.000,0.000,0.000,0.000,0.000,0.000,100.000%,,,,,,,,,,,,,,,,,,,,,,,,,,,,,,Min Weight/Size Class Filter,,1,1,1,1,1,,,,,,,,,,,,,,,,,,,,,1,,,,,,,,,,,
,,Weight Class,,Operations,391.00,[405.0],41.98,0.00,,,Hull,,2,73.593,7.359,5.699,5.273,0.000,0.02,0.69,0.21,99.899%,,,,,,Evasion Chance: 21.74%,Reliability: 99.32% (Annual Breakdown Chance: 0.68%),,Warp Core Breach Chance: 36.50%,,,,BR Cost Round - Frigate,,5,,,,,,,,,Hull,2,73.593,7.359,5.699,5.273,0.000,0.02,0.69,0.21,-0.101%,,,,,,,,,,,Hull,2,73.593,7.359,5.699,5.273,0.000,0.020,0.686,0.215,99.899%,,,,Weight Class,,,,,Hull,2.000,73.593,7.359,5.699,5.273,0.000,0.020,0.686,0.215,99.899%,,,,,,,,,,,,,,,,,,,,,,,,,,,,,,,,,,,,,,Hull,0,0.000,0.000,0.000,0.000,0.000,0.000,0.000,0.000,100.000%,,,,Weight Class,,,,,Hull,0.000,0.000,0.000,0.000,0.000,0.000,0.000,0.000,0.000,100.000%,,,,,,,,,,,,,,,,,,,,,,,,,,,,,,Max Weight/Size Class Filter,,1,1,1,1,1,,,,,,,,,,,,,,,,,,,,,1,,,,,,,,,,,
,,Frigate,,Hull,34.50,[135.0],0.00,0.00,,,Shield,,4,42.451,4.245,7.948,22.233,0.000,0.05,0.07,0.32,99.999%,,,,,SDB Info,C[2.14] S[7.03] H[2.11] L[4.06] P[5.03] D[4.13] - [94.78]br [74.45]sr - [947.80]kt [2 2/12]yr - O[1.31] E[2.64] T[3.06] - DesignYear[2316],,,,,,Live,BR Cost Round - Cruiser,,10,,,,,,,,,Shield,4,42.451,4.245,7.948,22.233,0.000,0.05,0.07,0.32,-0.001%,,,,,,,,,,,Shield,4,42.451,4.245,7.948,22.233,0.000,0.051,0.068,0.316,99.999%,,,,Frigate,,,,,Shield,4.000,42.451,4.245,7.948,22.233,0.000,0.051,0.068,0.316,99.999%,,,,,,,,,,,,,,,,,,,,,,,,,,,,,,,No Archive,,,,,,,Shield,0,0.000,0.000,0.000,0.000,0.000,0.000,0.000,0.000,100.000%,,,,Explorer,,,,,Shield,0.000,0.000,0.000,0.000,0.000,0.000,0.000,0.000,0.000,100.000%,,,,,,,,,,,,,,,,,,,,,,,,,,,,,,Allow No Effect Part,-,-,-,-,-,-,TRUE,TRUE,TRUE,TRUE,TRUE,TRUE,TRUE,FALSE,TRUE,TRUE,TRUE,TRUE,FALSE,FALSE,TRUE,TRUE,TRUE,TRUE,FALSE,TRUE,FALSE,FALSE,TRUE,FALSE,FALSE,FALSE,FALSE,FALSE,FALSE,TRUE,-,-
,,Evasion Chance,,Engineering,111.00,[315.0],13.50,0.00,,,Presence,,5,159.915,15.991,14.249,18.559,0.000,0.27,0.04,0.45,99.998%,,,,,,Power[107.47/107.57] - Internal[897.8/900] Tactical[131.5/225] Operations[391.0/405] Hull[34.5/135] Engineering[111.0/315] WarpCore[94.8/225],,,,,,SWB Cheapish Kepler,BR Cost Round - Explorer,,10,,,,,,,,,Presence,5,159.915,15.991,14.249,18.559,0.000,0.27,0.04,0.45,-0.002%,,,,,,,,,,,Presence,5,159.915,15.991,14.249,18.559,0.000,0.266,0.036,0.450,99.998%,,,,Evasion Chance,,,,,Presence,5.000,159.915,15.991,14.249,18.559,0.000,0.266,0.036,0.450,99.998%,,,,,,,,,,,,,,,,,,,,,,,,,,,,,,,,,,,,,,Presence,0,0.000,0.000,0.000,0.000,0.000,0.000,0.000,0.000,100.000%,,,,Evasion Chance,,,,,Presence,0.000,0.000,0.000,0.000,0.000,0.000,0.000,0.000,0.000,100.000%,,,,,,,,,,,,,,,,,,,,,,,,,,,,,,,[T-3] 250kt Frigate Frame,[T-3][SR+] Sm Frigate Tactical Suite,[T-3][T--SR--] Sm Frigate Operations Suite,[T-3] Sm Frigate Hull Suite,[T-3][T--] Sm Frigate Engineering Suite,[T-3][C+SR-] Sm Frigate Warp Core Suite,No Phasers,No Phasers,No Torp,No Sensor,No TCU,No Shields,No Shields,[T-3][M] SDB-26 Std Impulse,No Sensor,No Sensor,No Survey Sensors,No Science,[T-3][L] Mkv V Monotronic Core,[T-3] Majel OS,No Core,No Diplomacy,No Onboard Recreation,No Sickbay,[T-3][L] Single Alloy-2 Duranium Hull,No SIF,[T-3][L] Saucer-Only Polyphasic Deflector,[T-3][L] 2 X Saladin Nacelles,No Onboard Industry,[T-3][L] 2220-Light Pattern Deuterium Tanks,[T-2] Yoyodyne Pulse Fusion (Fusion Only),,[T-2][R--]Integrated Injectors,[T-2][R-SR-] Integrated Coolant,[T-3][L][R+] Tellar HIG-63 Pulse Injection Manifold,No Eject,No Module,-
,,21.74%,,Warp Core,94.80,[225.0],5.00,107.57,,,Reaction,,4,144.534,14.453,14.019,27.006,0.000,0.14,0.20,0.20,99.999%,,,,,Size,Frame Options,#,Operations Subsystem Options,#,Engineering Subsystem Options,,,SR Cost Round - Frigate,,5,,,,,,,,,Reaction,4,144.534,14.453,14.019,27.006,0.000,0.14,0.20,0.20,-0.001%,,,,,,,,,,,Reaction,4,144.534,14.453,14.019,27.006,0.000,0.138,0.204,0.196,99.999%,,,,21.741%,,,,,Reaction,4.000,144.534,14.453,14.019,27.006,0.000,0.138,0.204,0.196,99.999%,,,,,,,,,,,,,,,,,,,,,,,,,,,,,,,,,,,,,,Reaction,0,0.000,0.000,0.000,0.000,0.000,0.000,0.000,0.000,100.000%,,,,30.000%,,,,,Reaction,0.000,0.000,0.000,0.000,0.000,0.000,0.000,0.000,0.000,100.000%,,,,,,,,,,,,,,,,,,,,,,,,,,,,,,,[T-3] 400kt Frigate Frame,[T-3][O-] Md Frigate Tactical Suite,[T-3][OET-SR-] Md Frigate Operations Suite,[T-3][C-] Md Frigate Hull Suite,[T-3][OET-SR-] Md Frigate Engineering Suite,[T-3] Md Frigate Warp Core Suite,[T-3][L] Model 31 Phaser Bank,[T-3][L] Model 31 Phaser Bank,[T-3][M] TSF-2 Torpedo System,[T-3][L] Mark-I-Light SR Lateral Sensor Array,[T-3][L] Model 17 Light TCU,[T-3][L] AAE-L Monophasic Escort Pattern,[T-3][L] AAE-L Monophasic Escort Pattern,[T-3][H] SDB R-Type Heavy Impulse,[T-3][L] Mark-I-Light LR Sensor Array,[T-3][L] Mark-I-Light Nav Sensors,,[T-3][L] Pattern U Compact Lab,[T-3][H] Mk V-B Monotronic Core,[T-2] Majel 1.5 OS,[T-3][L] Mkv V Monotronic Core,[T-3][L] Escort Diplomatic Package '24,[T-1][M] 2260s Rec Space,[T-3][L] S-Medical '24 Standard Sickbay,[T-3][M] Double Alloy-2 Duranium Hull,[T-3][L] Type-I-L SIF,[T-2][L] Saucer-Only Gravitic Deflector,[T-3][H] 2 X Ranger Heavy Nacelles,[T-3][M] S-Medical Mk I Protein Synth,[T-3][M] 2220-Heavy Pattern Deuterium Tanks,[T-3][L][C+] Delta Vega-12 Warp Core,,[T-3][L][C-] Luna-I High-Efficiency M/AM System,[T-3][L][R-] Mk IV Mod L Coolant System,[T-3][M][R++E+] VSA-1 Plasma Manifold,[T-3] Manual Ejection - Early Mechanical,Miranda Rollbar,
,,Warp Core Breach Chance,,Internal Total,897.80,[900],90.47,107.57,,,Power,,1,94.800,9.480,9.688,5.000,107.569,0.17,0.40,0.26,99.425%,,,,,3.000,[T1] 900kt Frigate Frame,,[T2][OE--] Lg Frigate Operations Suite,,[T2][OET-SR-] Md Frigate Engineering Suite,,,SR Cost Round - Cruiser,,5,,,,,,,,,Power,-2,94.800,9.480,9.688,5.000,104.569,0.17,0.40,0.26,-0.575%,,,,,,,,,,,Power,1,94.800,9.480,9.688,5.000,107.569,0.173,0.405,0.263,99.425%,,,,Warp Core Breach Chance,,,,,Power,1.000,94.800,9.480,9.688,5.000,107.569,0.173,0.405,0.263,99.425%,,,,,,,,,,,,,,,,,,,,,,,,,,,,,,,,,,,,,,Power,3,0.000,0.000,0.000,0.000,3.000,0.000,0.000,0.000,100.000%,,,,Warp Core Breach Chance,,,,,Power,3.000,0.000,0.000,0.000,0.000,3.000,0.000,0.000,0.000,100.000%,,,,,,,,,,,,,,,,,,,,,,,,,,,,,,,[T-3] 600kt Frigate Frame,[T-3][O--SR-] Lg Frigate Tactical Suite,[T-3][OE--] Lg Frigate Operations Suite,[T-3][C--] Lg Frigate Hull Suite,[T-3][OE--SR--] Lg Frigate Engineering Suite,[T-3][C-SR+] Lg Frigate Warp Core Suite,[T-3][H] Model 28 Twin Phaser Bank,[T-3][H] Model 28 Twin Phaser Bank,[T-3][H] Mod 3a Battery System,[T-3][M] Mark-I-Medium SR Lateral Sensor Array,[T-3][M] Model 31 Advanced TCU,[T-3][M] AAE-M Cyclic Monophasic,[T-3][M] AAE-M Cyclic Monophasic,[T-2][M] SDB-44 Std Impulse,[T-3][M] Mark-I-Heavy LR Sensors,[T-3][H] Mark-I-Heavy Nav Sensors,,[T-3][M] Pattern V Lab,[T-2][L] SFA Mk1 Duotronic Core,[T-1] Majel 2.0 OS,[T-3][H] Mk V-B Monotronic Core,[T-3][M] Cruiser Diplomatic Package '20,[T0][M] 2280s Rec Space,[T-3][H] S-Medical '25 Explorer Sickbay,[T-3][H] Duranium w/ Bartridium Rebar,[T-3][M] Type-I SIF,[T-1][L] Saucer-Only Graviton Deflector,[T-2][L] 2 X Soyuz Nacelles,[T-3][H] S-Medical Mk I High-Endurance Protein Synth,[T-3][H] 2220-Large Ship Pattern Deuterium Tanks,[T-3][H][R+C+] Venus-I C-Layout Warp Core,,[T-3][M][R+] Mk IV M/AM System,[T-3][M] Mk IV Yoyodyne Coolant System,[T-3][H][R++O+] YYD-M3 Manifold,[T-2] Manual Ejection - Mechanical,300kt Module Placeholder,
,,36.50%,,Nacelles,50.00,0.00,17.00,0.00,,,Frame,,,150.000,15.000,0.000,0.000,0.000,0.00,0.00,0.00,100.000%,,,,,Size,Module Options,2,[T2][H] Mark-VII-Heavy LR Sensor Array,2,[T2][M] Type-VI SIF,,,SR Cost Round - Explorer,,10,,,,,,,,,Frame,,150.000,0.000,0.000,0.000,0.000,0.00,0.00,0.00,0.000%,,,,,,,,,,,Frame,,150.000,15.000,0.000,0.000,0.000,0.000,0.000,0.000,100.000%,,,,36.500%,,,,,Frame,,150.000,15.000,0.000,0.000,0.000,0.000,0.000,0.000,100.000%,,,,,,,,,,,,,,,,,,,,,,,,,,,,,,,,,,,,,,Frame,,0.000,0.000,0.000,0.000,0.000,0.000,0.000,0.000,100.000%,,,,100.000%,,,,,Frame,,0.000,0.000,0.000,0.000,0.000,0.000,0.000,0.000,100.000%,,,,,,,,,,,,,,,,,,,,,,,,,,,,,,,[T-2] 300kt Frigate Frame,[T-2][SR+] Sm Frigate Tactical Suite,[T-2][T--SR--] Sm Frigate Operations Suite,[T-2] Sm Frigate Hull Suite,[T-2][T--] Sm Frigate Engineering Suite,[T-2][C+SR-] Sm Frigate Warp Core Suite,[T-2][L] Model 47 Phaser Bank,[T-2][L] Model 47 Phaser Bank,[T-2][M] TSF-3 Torpedo System,[T-3][H] Mark-I-Heavy SR Lateral Sensor Array,[T-3][H] Model 20 Heavy TCU,[T-3][H] AAE-H Monophasic Heavy Pattern,[T-3][H] AAE-H Monophasic Heavy Pattern,[T-2][H] SDB C-Type Heavy Impulse,[T-3][H] Mark-II-Heavy LR Sensor Array,[T-3][H] Mark-II-Heavy Nav Array,,[T-3][H] Pattern S Lab,[T-2][H] SFA MkI-B Duotronic Core,[T-2] Civilian OS,[T-2][L] SFA Mk1 Duotronic Core,[T-3][H] Explorer Diplomatic Package '28,[T1][L] 2300s Compact Rec Space,[T-2][L] S-Medical '42 Standard Sickbay,[T-2][L] Single Alloy-4 Duranium Hull,[T-3][H] Mars-III Special SIF,[T0][L] Graviton Beam Deflector Saucer-Only,[T-2][H] 2 X Constitution Heavy Nacelles,[T-2][M] S-Medical Mk II Protein Synth,[T-2][L] 2240-Light Pattern Deuterium Tanks,[T-3][H][C-SR+] YYD-VI Heavy Core,,[T-3][H][C+SR+] Mk IV High Volume M/AM System,[T-2][L][R-] Mk V Mod L Coolant System,[T-2][L][R+] Tellar HIG-76 Pulse Injection Manifold,[T-1] Manual Ejection - Basic EM Rails,450kt Module Placeholder,
,,Militarisation Cost,,Module,0.00,0.00,0.00,0.00,,,Module,,,0.000,0.000,0.000,0.000,0.000,0.00,0.00,0.00,100.000%,,,,,0.00,No Module,2,[T2][H] Mark-VII-Heavy Nav Array ,3,[T1][L] Modulated Graviton Beam Deflector Saucer-Only,,,,,,,,,,,,,,Module,,0.000,0.000,0.000,0.000,0.000,0.00,0.00,0.00,0.000%,,,,,,,,,,,Module,,0.000,0.000,0.000,0.000,0.000,0.000,0.000,0.000,100.000%,,,,Militarisation Cost,,0,,,Module,,0.000,0.000,0.000,0.000,0.000,0.000,0.000,0.000,100.000%,,,,,,,,,,,,,,,,,,,,,,,,,,,,,,,,,,,,,,Module,,0.000,0.000,0.000,0.000,0.000,0.000,0.000,0.000,100.000%,,,,Militarisation Cost,,4,,,Module,,0,0.000,0.000,0.000,0.000,0,0,0,1,,,,,,,,,,,,,,,,,,,,,,,,,,,,,,,[T-2] 450kt Frigate Frame,[T-2][O-] Md Frigate Tactical Suite,[T-2][OET-SR-] Md Frigate Operations Suite,[T-2][C-] Md Frigate Hull Suite,[T-2][OET-SR-] Md Frigate Engineering Suite,[T-2] Md Frigate Warp Core Suite,[T-2][H] Model 44 Twin Phaser Bank,[T-2][H] Model 44 Twin Phaser Bank,[T-2][H] Mod 4 Battery System,[T-2][L] Mark-III-Light SR Lateral Sensor Array,[T-2][L] Model 37 Light TCU,[T-2][L] AAE-B-L Monophasic Escort Pattern,[T-2][L] AAE-B-L Monophasic Escort Pattern,[T-1][M] SDB-65 Std Impulse,[T-2][L] Mark-II-Light LR Sensor Array,[T-2][L] Mark-II-Light Nav Sensors,,[T-2][L] Pattern W Compact Lab,[T-1][L] Type-I Duotronic Core,[T0] Majel 2.1 OS,[T-2][H] SFA MkI-B Duotronic Core,[T-2][L] Escort Diplomatic Package '41,[T1][M] 2300s Rec Space,[T-2][H] S-Medical '46 Explorer Sickbay,[T-2][M] Double Alloy-4 Duranium Hull,[T-2][L] Type-II-L SIF,[T1][L] Modulated Graviton Beam Deflector Saucer-Only,[T-1][L] 2 X Miranda Nacelles,[T-2][H] S-Medical Mk II High-Endurance Protein Synth,[T-2][M] 2240-Heavy Pattern Deuterium Tanks,[T-2][L][C+] Delta Vega-12 Warp Core,,[T-2][L][C-] Luna-II High-Efficiency M/AM System,[T-2][M] Mk V Yoyodyne Coolant System,[T-2][M][R++E+] VSA-2 Plasma Manifold,[T0] EngOS Monitoring - Heavy EM Rails,,
,,0,,Total,947.80,900,107.47,107.57,,,Total,,24,947.800,94.780,74.455,107.465,107.569,1.31,2.64,3.06,99.315%,,,,,#,Tactical Subsystem Options,0,No Survey Sensors,1,[T1][L] 2 X Centaur-A Pattern Nacelle,,,,,,,,,,,,,,Total,24,947.800,79.780,74.455,107.465,104.569,1.31,2.64,3.06,-0.685%,,,,,,,,,,,Total,24,947.800,94.780,74.455,107.465,107.569,1.312,2.638,3.061,99.315%,,,,,,,,,,,,,,,,,,,,,,,,,,,,,,,,,,,,,,,,,,,,,,,,,,,,,,,,,Total,0,0.000,0.000,0.000,0.000,3.000,0.000,0.000,0.000,100.000%,,,,"S=0, P=0",,,,,,,,,,,,,,,,,,,,,,,,,,,,,,,,,,,,,,,,,,,,,,[T-2] 600kt Frigate Frame,[T-2][O--SR-] Lg Frigate Tactical Suite,[T-2][OE--] Lg Frigate Operations Suite,[T-2][C--] Lg Frigate Hull Suite,[T-2][OE--SR--] Lg Frigate Engineering Suite,[T-2][C-SR+] Lg Frigate Warp Core Suite,[T-1][L] Model 68 Phaser Bank,[T-1][L] Model 68 Phaser Bank,[T-1][M] Mk-I Torpedo System,[T-2][M] Mark-III-Medium SR Lateral Sensor Array,[T-2][M] Model 42 Advanced TCU,[T-2][M] AAE-B-M Cyclic Monophasic,[T-2][M] AAE-B-M Cyclic Monophasic,[T-1][H] SDB E-Type Heavy Impulse,[T-2][M] Mark-II-Heavy LR Sensors,[T-2][H] Mark-II-Heavy Nav Sensors,,[T-2][M] Pattern X Lab,[T-1][H] Type-I-B Duotronic Core,[T1] Majel 3.0 OS,[T-1][L] Type-I Duotronic Core,[T-2][M] Cruiser Diplomatic Package '39,[T2][L] 2310s Compact Rec Space,[T-1][L] S-Medical '61 Standard Sickbay,[T-2][H] Duranium w/ Bartridium Rebar,[T-2][M] Type-II SIF,[T2][L] Graviton Wavefront Deflector Saucer-Only,[T-1][M] 4 X Constellation Nacelles,[T-1][M] S-Medical Mk III Protein Synth,[T-2][H] 2240-Large Ship Pattern Deuterium Tanks,[T-2][H][R+C+] Venus-II C-Layout Warp Core,,[T-2][M][R+] Mk V M/AM System,[T-1][L][R-] Mk V Mod L Coolant System,[T-2][H][R++O+] YYD-M4 Manifold,[T1] EngOS Monitoring - Super Heavy EM Rails,,
,,,,,,,,,,,,,,,,,,,,,,,,,,,,[T1][SR+] Sm Frigate Tactical Suite,2,[T2][H] Spock-C Pattern Lab,1,[T2][M] S-Medical Mk VI Protein Synth,,,,,,,,,,,,,,,,,,,,,,,,,,,,,,,,,,,,,,,,,,,,,,,,,,,,,,Efficiency Scaling Factor,,100,10,10,10,10,0.1,0.1,0.1,0.00001,,,,,,,,,,,,,,,,,,,,,,,,,,,,,,,,,,,,,,,,,,,,,,,,,,,,,,,,,Efficiency Scaling Factor,,100,10,10,10,10,0.1,0.1,0.1,0.00001,,,,,,,,,,,,,,,,,,,,,,,,,,,,,,,[T-1] 400kt Frigate Frame,[T-1][SR+] Sm Frigate Tactical Suite,[T-1][T--SR--] Sm Frigate Operations Suite,[T-1] Sm Frigate Hull Suite,[T-1][T--] Sm Frigate Engineering Suite,[T-1][C+SR-] Sm Frigate Warp Core Suite,[T-1][H] Model 62 Twin Phaser Bank,[T-1][H] Model 62 Twin Phaser Bank,[T-1][H] Type-I Auto System,[T-2][H] Mark-III-Heavy SR Lateral Sensor Array,[T-2][H] Model 39 Heavy TCU,[T-2][H] AAE-B-H Monophasic Heavy Pattern,[T-2][H] AAE-B-H Monophasic Heavy Pattern,[T-2][L] Civilian Basic Impulse,[T-2][H] Mark-III-Heavy LR Sensor Array,[T-2][H] Mark-III-Heavy Nav Array,,[T-2][H] Pattern Y Lab,[T0][L] Generic Monotronic Civilian Core,[T2] Majel 3.1 Explorer OS,[T-1][H] Type-I-B Duotronic Core,[T-2][H] Explorer Diplomatic Package '45,[T2][M] 2310s Rec Space,[T-1][H] S-Medical '68 Explorer Sickbay,[T-1][L] Single Duranium Hull,[T-2][H] Mars-IV Special SIF,[T3][L] Shaped Wavefront Deflector Saucer-Only,[T-1][H] 2 X Constitution-A Heavy Nacelles,[T-1][H] S-Medical Mk III High-Endurance Protein Synth,[T-1][L] 2260-Light Pattern Deuterium Tanks,[T-2][H][C-SR+] Type-E Block-1 Automated Core,,[T-2][H][C+SR+] Mk V High Volume M/AM System,[T-1][M] Mk V Yoyodyne Coolant System,[T-1][L][R+] Tellar HIG-84 Pulse Injection Manifold,[T2] EngOS Monitoring - Anak-Krueger EM Rails,,
,,Frame Option & Totals,Size,Type,,Weight Class,Weight Cap,,,,,,,Weight,BR Cost,SR Cost x,,,O x,E x,T x,,Build Time,Tech Time,,,2,[T-1][L] Model 68 Phaser Bank,3,[T1][L] Type-III-A Duotronic Core,3,[T2][L] 2310-Light Pattern Deuterium Tanks,,Frame,Type,,,,,,,,,,,,,Weight,BR Cost,SR Cost x,,,O x,E x,T x,,Build Time,Tech Time,Weight Cap,Name,,Size,,,,,,,Weight,BR Cost,SR Cost x,,,O x,E x,T x,,Build Time,Tech Time,Weight Cap,,,,,,,,Weight,BR Cost,SR Cost x,,,O x,E x,T x,,Build Time,Tech Time,Weight Cap,,,,,,,,,,,,,,,Weight Class,MaxSz,Wt,Build Time,,,,O-Mod,E-Mod,T-Mod,SR-Mod,,Year Available (SF),Name,,Size,,,,,,,Weight,BR Cost,SR Cost x,,,O x,E x,T x,,Build Time,Tech Time,Weight Cap,,,,,,,,Weight,BR Cost,SR Cost x,,,O x,E x,T x,,Build Time,Tech Time,Weight Cap,,,,,,,,,,,,,,,Weight Class,MaxSz,Wt,Build Time,,,,O-Mod,E-Mod,T-Mod,SR-Mod,,,[T-1] 700kt Frigate Frame,[T-1][O-] Md Frigate Tactical Suite,[T-1][OET-SR-] Md Frigate Operations Suite,[T-1][C-] Md Frigate Hull Suite,[T-1][OET-SR-] Md Frigate Engineering Suite,[T-1] Md Frigate Warp Core Suite,[T0][L] Model 83 Phaser Bank,[T0][L] Model 83 Phaser Bank,[T0][L] Mk-II LW Torpedo System,[T-2][L] Civilian Grade SR Lateral Sensor,[T-1][L] Model 57 Light TCU,[T-1][L] Mk1 Monophasic Escort Pattern,[T-1][L] Mk1 Monophasic Escort Pattern,[T0][M] SDB-86 Impulse Drive Sys,[T-1][L] Mark-III-Light LR Sensor Array,[T-1][L] Mark-III-Light Nav Sensors,,[T-1][L] Pattern D Compact Lab,[T0][L] Type-II Duotronic Core,[T2] Majel 3.1 OS,[T0][L] Generic Monotronic Civilian Core,[T-1][L] Escort Diplomatic Package '61,,[T0][H] S-Medical '84 Pattern Sickbay,[T-1][M] Double Duranium Hull,[T-1][L] Type-III-L SIF,,[T0][L] 2 X Centaur Nacelles,[T0][M] S-Medical Mk IV Protein Synth,[T-1][M] 2260-Heavy Pattern Deuterium Tanks,[T-1][L][C+] Delta Vega-24 Warp Core,,[T-1][L][C-] Luna-III High-Efficiency M/AM System,[T0][L][R-SR-] VSA-12-L Efficient Coolant System,[T-1][M][R++E+] VSA-3 Plasma Manifold,[T3] EngOS 3.1 Monitoring - YYD-Emergency VI EM Rails,,
,,Principal Frame,3.00,[T1] 900kt Frigate Frame,,,900,,,,,,,135.000,13.500,1.000,,,0.75,1.20,1.00,,11/12,,,,0,No Phasers,3,[T2] Majel 3.1 OS,,,,Principal Frame,Frame,,,,,,,,,,,,,135.000,13.500,1.000,,,0.750,1.200,1.000,,,,900,[T1] 900kt Frigate Frame,,3.000,,,,,,,135.000,13.500,1.000,,,0.750,1.200,1.000,,0.92,,900,,,,,,,,135.000,13.500,1.000,,,0.750,1.200,1.000,,0.92,,900,,,,,,,,,,,,,,,1,900,135,0.9166666667,,,,0.75,1.2,1,1,,2310,,,0.000,,,,,,,0.000,0.000,0.000,,,0.000,0.000,0.000,,0.00,,0,,,,,,,,0.000,0.000,0.000,,,0.000,0.000,0.000,,0.00,,0,,,,,,,,,,,,,,,0,0,0,0,,,,0,0,0,0,,,[T0] 650kt Frigate Frame,[T-1][O--SR-] Lg Frigate Tactical Suite,[T-1][OE--] Lg Frigate Operations Suite,[T-1][C--] Lg Frigate Hull Suite,[T-1][OE--SR--] Lg Frigate Engineering Suite,[T-1][C-SR+] Lg Frigate Warp Core Suite,[T0][H] Model 83 Twin Phaser Bank,[T0][H] Model 83 Twin Phaser Bank,[T0][M] Mk-II Torpedo System,[T0][L] Mark-IV SR Lateral Sensor Array,[T-1][M] Model 64 Advanced TCU,[T-1][M] Mk1 Cyclic Monophasic E-Type,[T-1][M] Mk1 Cyclic Monophasic E-Type,[T1][M] SDB-97 High-Power Impulse Drive Sys,[T-1][M] Mark-III-Heavy LR Sensors,[T-1][H] Mark-III-Heavy Nav Sensors,,[T-1][M] Pattern C Lab,[T0][M] Type-III Duotronic Core,[T3] Majel 3.5 OS,[T0][L] Type-II Duotronic Core,[T-1][M] Cruiser Diplomatic Package '61,,[T1][H] S-Medical '04 Pattern Sickbay,[T-1][H] Duranium w/ Exotic Rebar,[T-1][M] Type-III SIF,,[T0][H] 2 X Excelsior Pattern Nacelles,[T0][H] S-Medical Mk IV High-Endurance Protein Synth,[T-1][H] 2260-Large Ship Pattern Deuterium Tanks,[T-1][H][R+C+] Venus-III C-Layout Warp Core,,[T-1][M][R+] Mk VI M/AM System,[T0][L] Mk VI Mod L Yoyodyne Coolant System,[T-1][H][R++O+] SBD-1 Manifold,,,
,,Subsystem,Size,Type,,,,C,S,H,L,P,D,Weight,BR Cost,SR Cost,Pwr Cost,Pwr Gen,O,E,T,Reliability,Build Time,Tech Time,,,FALSE,Phaser Array?,0,No Core,Size/Lvl,Warp Core Options,,Subsystem,,Parent,,,,,,C,S,H,L,P,D,Weight,BR Cost,SR Cost,Pwr Cost,Pwr Gen,O,E,T,Reliability,Build Time,Tech Time,,Name,,,C,S,H,L,P,D,Weight,BR Cost,SR Cost,Pwr Cost,Pwr Gen,O,E,T,Reliability,Build Time,Tech Time,,,C,S,H,L,P,D,Weight,BR Cost,SR Cost,Power Cost,Power Gen,O,E,T,Reliability,Build Time,Tech Time,Weight Cap,,,,,,,,,,,,,1/sum(stats),,,,,,,,,,,,,,,Name,,,C,S,H,L,P,D,Weight,BR Cost,SR Cost,Pwr Cost,Pwr Gen,O,E,T,Reliability,Build Time,Tech Time,,,C,S,H,L,P,D,Weight,BR Cost,SR Cost,Power Cost,Power Gen,O,E,T,Reliability,Build Time,Tech Time,Weight Cap,,,,,,,,,,,,,1/sum(stats),,,,,,,,,,,,,,,[T0] 800kt Frigate Frame,[T0][SR+] Sm Frigate Tactical Suite,[T0][T--SR--] Sm Frigate Operations Suite,[T0] Sm Frigate Hull Suite,[T0][T--] Sm Frigate Engineering Suite,[T0][C+SR-] Sm Frigate Warp Core Suite,[T1][L] Type IV Single Phaser Bank,[T1][L] Type IV Single Phaser Bank,[T0][H] Type-II Auto System,[T0][M] Mark-IV-Heavy SR Lateral Sensor Array,[T-1][H] Model 57 Heavy TCU,[T-1][H] Mk1 Monophasic Heavy Pattern,[T-1][H] Mk1 Monophasic Heavy Pattern,[T1][H] SDB-97 High-Efficiency Impulse Drive Sys,[T-1][H] Mark-IV-Heavy LR Sensor Array,[T-1][H] Mark-IV-Heavy Nav Array,,[T-1][H] Pattern E Lab,[T0][H] Type-II Heavy Duotronic Core,[T4] Majel 4.0 OS,[T0][M] Type-III Duotronic Core,[T-1][H] Explorer Diplomatic Package '67,,[T2][L] T'Koren Pattern Small Sickbay,[T-2][L] Civilian Grade,[T-1][H] Mars-V Special SIF,,[T1][L] 2 X Centaur-A Pattern Nacelle,[T1][M] S-Medical Mk V Protein Synth,[T0][L] 2295-Light Pattern Deuterium Tanks,[T-1][H][C-SR+] Type-E Block-2 Automated Core,,[T-1][H][C+SR+] Mk VI High Volume M/AM System,[T0][H][SR-] SBD-VI Efficient Coolant System,[T0][L][R+] Tellar HIG-92 Pulse Injection Manifold,,,
,,Tactical,,[T1][SR+] Sm Frigate Tactical Suite,,,,1.37,0.66,0.00,3.56,0.00,0.28,131.500,13.150,12.770,29.990,0.000,0.34,0.69,0.58,100.000%,2/12,,,,0,No Torp,FALSE,Isolinear?,,[T2] Md Frigate Warp Core Suite,,Tactical,Subsystem,Tactical,,,,,,1.370,0.664,0.000,3.562,0.000,0.282,131.500,13.150,12.770,29.990,0.000,0.339,0.693,0.577,0.000,,,,[T1][SR+] Sm Frigate Tactical Suite,,,1.370,0.664,0.000,3.562,0.000,0.282,131.500,13.150,12.770,29.990,0.000,0.339,0.693,0.577,1.000,0.17,,,,1.370,0.664,0.000,3.562,0.000,0.282,131.500,13.150,12.770,29.990,0.000,0.339,0.693,0.577,100.000%,0.17,,225,,,,,,,,,,,,,0.1701,,,,,,,,,,,,,,,,,,0.000,0.000,0.000,0.000,0.000,0.000,0.000,0.000,0.000,0.000,0.000,0.000,0.000,0.000,1.000,0.00,,,,0.000,0.000,0.000,0.000,0.000,0.000,0.000,0.000,0.000,0.000,0.000,0.000,0.000,0.000,100.000%,0.00,,0,,,,,,,,,,,,,0.0000,,,,,,,,,,,,,,,[T1] 450kt Frigate Frame,[T0][O-] Md Frigate Tactical Suite,[T0][OET-SR-] Md Frigate Operations Suite,[T0][C-] Md Frigate Hull Suite,[T0][OET-SR-] Md Frigate Engineering Suite,[T0] Md Frigate Warp Core Suite,[T1][H] Type-IV Twin Phaser Bank,[T1][H] Type-IV Twin Phaser Bank,[T1][L] Mk-III LW Torpedo System,[T0][H] Mark-V-Heavy SR Lateral Sensor Array,[T-2][L] Civilian TCU,[T0][L] Mk-III-E Shield Gens,[T0][L] Mk-III-E Shield Gens,[T2][M] SDB-09 High-Power Impulse Drive Sys,[T-2][L] Civilian Grade LR Sensor Array,[T0][M] Mark-V Nav Sensors,,[T0][L] Pattern-K Compact Lab,[T1][L] Type-III-A Duotronic Core,,[T0][H] Type-II Heavy Duotronic Core,[T0][L] Escort Diplomatic Package '85,,[T2][H] T'Koren Pattern Large Sickbay,[T0][L] Lt. Alloy-1 Duranium Hull,[T0][L] Type-IV-L SIF,,[T1][M] 2 X 2305 Cruiser Nacelle,[T1][H] S-Medical Mk V High-Endurance Protein Synth,[T0][H] 2285-Super-Heavy Pattern Deuterium,[T0][L][R-C-SR+] Delta Vega-28 Automated Core,,[T0][L][C-] Luna-IV High-Efficiency M/AM System,[T0][H][R+] Mk VI Mod H Yoyodyne Coolant System,[T0][M] VSA-4 Pulse Injection Manifold,,,
,,Operations,,[T2][OE--] Lg Frigate Operations Suite,,,,0.77,6.19,0.16,0.44,4.90,0.69,391.000,39.100,34.335,41.975,0.000,0.71,0.74,1.98,99.990%,6/12,,,,TRUE,Burst Launcher?,2,[T1][M] Lwaxana '04 General Protocol,2,[T2][L][C+] Type-I Block-A (40E) Warp Core,,Operations,Subsystem,Operations,,,,,,0.774,6.187,0.158,0.442,4.896,0.688,391.000,38.100,34.335,41.975,0.000,0.705,0.739,1.982,0.000,,,,[T2][OE--] Lg Frigate Operations Suite,,,0.774,6.187,0.158,0.442,4.896,0.688,391.000,39.100,34.335,41.975,0.000,0.705,0.739,1.982,1.000,0.50,,,,0.774,6.187,0.158,0.442,4.896,0.688,391.000,39.100,34.335,41.975,0.000,0.705,0.739,1.982,99.990%,0.50,,405,,,,,,,,,,,,,0.0761,,,,,,,,,,,,,,,,,,0.000,0.000,0.000,0.000,0.000,0.000,0.000,0.000,0.000,0.000,0.000,0.000,0.000,0.000,1.000,0.00,,,,0.000,0.000,0.000,0.000,0.000,0.000,0.000,0.000,0.000,0.000,0.000,0.000,0.000,0.000,100.000%,0.00,,0,,,,,,,,,,,,,0.0000,,,,,,,,,,,,,,,[T1] 900kt Frigate Frame,[T0][O--SR-] Lg Frigate Tactical Suite,[T0][OE--] Lg Frigate Operations Suite,[T0][C--] Lg Frigate Hull Suite,[T0][OE--SR--] Lg Frigate Engineering Suite,[T0][C-SR+] Lg Frigate Warp Core Suite,[T2][L] Type V Single Phaser Bank,[T2][L] Type V Single Phaser Bank,[T1][M] Mk-III Torpedo System,[T1][L] Mark-VB-Light SR Lateral Sensor Array,[T0][L] Type-I Duotronic TCU,[T0][M] Mk-III-H Shield Gens,[T0][M] Mk-III-H Shield Gens,[T2][H] SDB-09 High-Efficiency Impulse Drive Sys,[T0][L] Mark-V-Light LR Sensor Array,[T1][L] Mark-VI-Light Nav Array,,[T0][M] Pattern C2 Lab,[T1][M] Type-IV Duotronic Core,,[T1][L] Type-III-A Duotronic Core,[T0][H] Explorer Diplomatic Package '85,,[T3][L] T'Koren-B Pattern Small Sickbay,[T0][M] Duranium-335 Alloy Hull,[T0][M] Type-IV SIF,,[T1][H] 2 X Excelsior Type-II Pattern Nacelles,[T2][M] S-Medical Mk VI Protein Synth,[T1][L] 2305-Light Pattern Deuterium Tanks,[T0][L][C+] Delta Vega-26 Warp Core,,[T0][M][R+] Mk VII Sublimator-Compressor,[T1][L][R-SR-] VSA-13-L Efficient Coolant System,[T0][H][R-] SF-V Performance Manifold,,,
,,Hull,,[T2] Sm Frigate Hull Suite,,,,0.00,0.00,0.38,0.00,0.00,0.00,34.500,3.450,0.414,0.000,0.000,0.01,0.19,0.08,100.000%,1/12,,,,2,[T2][H] Mark-VI-Heavy SR Lateral Sensor Array,1,[T-1][M] 2260s Rec Space,0,Safety/Performance,,Hull,Subsystem,Hull,,,,,,0.000,0.000,0.376,0.000,0.000,0.000,34.500,3.000,1.901,0.000,0.000,0.008,0.194,0.081,0.000,,,,[T2] Sm Frigate Hull Suite,,,0.000,0.000,0.376,0.000,0.000,0.000,34.500,3.450,0.414,0.000,0.000,0.008,0.194,0.081,1.000,0.08,,,,0.000,0.000,0.376,0.000,0.000,0.000,34.500,3.450,0.414,0.000,0.000,0.008,0.194,0.081,100.000%,0.08,,135,,,,,,,,,,,,,2.6582,,,,,,,,,,,,,,,,,,0.000,0.000,0.000,0.000,0.000,0.000,0.000,0.000,0.000,0.000,0.000,0.000,0.000,0.000,1.000,0.00,,,,0.000,0.000,0.000,0.000,0.000,0.000,0.000,0.000,0.000,0.000,0.000,0.000,0.000,0.000,100.000%,0.00,,0,,,,,,,,,,,,,0.0000,,,,,,,,,,,,,,,[T2] 750kt Frigate Frame,[T1][SR+] Sm Frigate Tactical Suite,[T1][T--SR--] Sm Frigate Operations Suite,[T1] Sm Frigate Hull Suite,[T1][T--] Sm Frigate Engineering Suite,[T1][C+SR-] Sm Frigate Warp Core Suite,[T2][H] Type-V Twin Phaser Bank,[T2][H] Type-V Twin Phaser Bank,[T1][H] Type-III Auto System,[T1][M] Mark-VB SR Lateral Sensor Array,[T0][M] Type-1 TCU,[T0][H] Mk-III-SH Shield Gens,[T0][H] Mk-III-SH Shield Gens,[T3][M] SDB-09 High-Power Impulse Drive Sys,[T0][M] Mark-V LR Sensor Array,[T1][M] Mark-VI Nav Array,,[T0][H] Spock-Pattern Lab,[T1][H] Type-IV Heavy Duotronic Core,,[T1][M] Type-IV Duotronic Core,[T1][L] Lwaxana '04 Escort Protocol,,[T3][H] T'Koren-B Pattern Large Sickbay,[T0][H] Duranium-447 Alloy Hull,[T0][H] Type-IV-H SIF,,[T2][L] 2 X New Orleans Pattern Nacelles,[T2][H] S-Medical Mk VI High-Endurance Protein Synth,[T1][M] 2305-Heavy Pattern Deuterium Tanks,[T0][H][R+C+] Venus-IV C-Layout Warp Core,,[T0][H][C+SR+] Mk VII Complex Sublimator-Compressor,[T1][L] Mk VII Mod L Yoyodyne Coolant System,[T1][L][R+] Tellar HIG-103 Pulse Injection Manifold,,,
,,Engineering,,[T2][OET-SR-] Md Frigate Engineering Suite,,,,0.00,0.18,1.58,0.05,0.13,3.17,161.000,16.100,17.248,30.500,0.000,0.09,0.61,0.16,99.900%,3/12,,,,1,No TCU,3,[T2][H] T'Koren Pattern Large Sickbay,2,[T2][L][R-C-] Luna-VI High-Efficiency M/AM System,,Engineering,Subsystem,Engineering,,,,,,0.000,0.177,1.580,0.053,0.133,3.165,161.000,15.600,17.248,30.500,0.000,0.087,0.606,0.159,-0.001,,,,[T2][OET-SR-] Md Frigate Engineering Suite,,,0.000,0.177,1.580,0.053,0.133,3.165,161.000,16.100,17.248,30.500,0.000,0.087,0.606,0.159,0.999,0.25,,,,0.000,0.177,1.580,0.053,0.133,3.165,161.000,16.100,17.248,30.500,0.000,0.087,0.606,0.159,99.900%,0.25,,315,,,,,,,,,,,,,0.1958,,,,,,,,,,,,,,,,,,0.000,0.000,0.000,0.000,0.000,0.000,0.000,0.000,0.000,0.000,0.000,0.000,0.000,0.000,1.000,0.00,,,,0.000,0.000,0.000,0.000,0.000,0.000,0.000,0.000,0.000,0.000,0.000,0.000,0.000,0.000,100.000%,0.00,,0,,,,,,,,,,,,,0.0000,,,,,,,,,,,,,,,[T2] 1050kt Frigate Frame,[T1][O-] Md Frigate Tactical Suite,[T1][OET-SR-] Md Frigate Operations Suite,[T1][C-] Md Frigate Hull Suite,[T1][OET-SR-] Md Frigate Engineering Suite,[T1] Md Frigate Warp Core Suite,[T3][L] Type VI Single Phaser Bank,[T3][L] Type VI Single Phaser Bank,[T2][L] Mk-IV LW Torpedo System,[T1][H] Mark-VB-Heavy SR Lateral Sensor Array,[T0][H] Type-1-A 'Seeker' TCU,[T1][L] Mk-IV-E Shield Gens,[T1][L] Mk-IV-E Shield Gens,[T3][H] SDB-09 High-Efficiency Impulse Drive Sys,[T0][H] Mark-V-Heavy LR Sensor Array,[T1][H] Mark-VI-Heavy Nav Array,,[T1][L] Pattern-K2 Compact Lab,[T2][L] Type-IV-B Duotronic Core,,[T1][H] Type-IV Heavy Duotronic Core,[T1][M] Lwaxana '04 General Protocol,,,[T1][L] Lt. Alloy-2 Duranium Hull,[T1][L] Type-V-L SIF,,[T2][H] 2 X Ambassador Pattern Nacelles,,[T1][H] 2305-Super-Heavy Pattern Deuterium,[T0][H][C-SR+] Type-E Block-3 Automated Core,,[T1][L][R-C-] Luna-V High-Efficiency M/AM System,[T1][H][SR-] SBD-VII Efficient Coolant System,[T1][M] VSA-5 Pulse Injection Manifold,,,
,,Warp Core,,[T2] Md Frigate Warp Core Suite,,,,,,,,,,94.800,9.480,9.688,5.000,107.569,0.17,0.40,0.26,99.425%,3/12,,,,5,[T2][L] Mk-V-E Shield Gens,#,Hull Subsystem Options,2,[T2][L] Mk VIII Mod L Yoyodyne Coolant System,,Warp Core,Subsystem,Warp Core,,,,,,0.000,0.000,0.000,0.000,0.000,0.000,94.800,9.480,9.688,5.000,104.569,0.173,0.405,0.263,-0.006,,,,[T2] Md Frigate Warp Core Suite,,,,,,,,,94.800,9.480,9.688,5.000,107.569,0.173,0.405,0.263,0.994,0.25,,,,,,,,,,94.800,9.480,9.688,5.000,107.569,0.173,0.405,0.263,99.425%,0.25,,225,,,,,,,,,,,,,0.0000,,,,,,,,,,,,,,,,,,,,,,,,0.000,0.000,0.000,0.000,3.000,0.000,0.000,0.000,1.000,0.00,,,,,,,,,,0.000,0.000,0.000,0.000,3.000,0.000,0.000,0.000,100.000%,0.00,,0,,,,,,,,,,,,,0.0000,,,,,,,,,,,,,,,[T3] 450kt Frigate Frame,[T1][O--SR-] Lg Frigate Tactical Suite,[T1][OE--] Lg Frigate Operations Suite,[T1][C--] Lg Frigate Hull Suite,[T1][OE--SR--] Lg Frigate Engineering Suite,[T1][C-SR+] Lg Frigate Warp Core Suite,[T3][H] Type-VI Twin Phaser Bank,[T3][H] Type-VI Twin Phaser Bank,[T2][M][SR-] Mk-IV Torpedo System,[T2][L] Mark-VI-Light SR Lateral Sensor Array,[T1][L] Type-II Duotronic TCU,[T1][H] Mk-IV-H Shield Gens,[T1][H] Mk-IV-H Shield Gens,,[T1][L] Mark-VI-Light LR Sensor Array,[T2][L] Mark-VII-Light Nav Array ,,[T1][M] Cruiser Pattern Lab,[T2][M] Type-IV-A Duotronic Core,,[T2][L] Type-IV-B Duotronic Core,[T1][H] Lwaxana '04 Explorer Protocol,,,[T1][M] Med. Alloy-2 Duranium Hull,[T1][M] Type-V SIF,,,,[T2][L] 2310-Light Pattern Deuterium Tanks,[T1][L][R---C+] Type-I Experimental (40E) Warp Core,,[T1][M] Mk VIII Sublimator-Compressor,[T1][H][R+] Mk VII Mod H Yoyodyne Coolant System,[T2][L][SR-] 40EA-I Industrial Injection Manifold,,,
,,Module,0.00,No Module,,,,0.00,0.00,0.00,0.00,0.00,0.00,0.000,0.000,0.000,0.000,0.000,0.00,0.00,0.00,100.000%,0,,,,5,[T2][L] Mk-V-E Shield Gens,,[T2] Sm Frigate Hull Suite,3,[T3][M][R+] VSA-7 Pulse Injection Manifold,,Module,Subsystem,Module,,,,,,0.000,0.000,0.000,0.000,0.000,0.000,0.000,0.000,0.000,0.000,0.000,0.000,0.000,0.000,0.000,,,,No Module,,0,0.000,0.000,0.000,0.000,0.000,0.000,0.000,0.000,0.000,0.000,0.000,0.000,0.000,0.000,1.000,0.00,,,,0.000,0.000,0.000,0.000,0.000,0.000,0.000,0.000,0.000,0.000,0.000,0.000,0.000,0.000,100.000%,0.00,,0,,,,,,,,,,,,,0.0000,,,,,,,,,,,,,,,,,0,0.000,0.000,0.000,0.000,0.000,0.000,0.000,0.000,0.000,0.000,0.000,0.000,0.000,0.000,1.000,0.00,,,,0.000,0.000,0.000,0.000,0.000,0.000,0.000,0.000,0.000,0.000,0.000,0.000,0.000,0.000,100.000%,0.00,,0,,,,,,,,,,,,,0.0000,,,,,,,,,,,,,,,[T3] 600kt Frigate Frame,[T2][SR+] Sm Frigate Tactical Suite,[T2][T--SR--] Sm Frigate Operations Suite,[T2] Sm Frigate Hull Suite,[T2][T--] Sm Frigate Engineering Suite,[T2][C+SR-] Sm Frigate Warp Core Suite,[T4][L] Type IX Experimental Phaser Array Mid Bank,[T4][L] Type IX Experimental Phaser Array Mid Bank,[T2][H][C-] Type-IV Auto System,[T2][M] Mark-VI SR Lateral Sensor Array,[T1][M] Type-2 TCU,[T2][L] Mk-V-E Shield Gens,[T2][L] Mk-V-E Shield Gens,,[T1][M] Mark-VI LR Sensor Array,[T2][M] Mark-VII Nav Array ,,[T1][H] Spock-B Pattern Lab,[T2][H] Type-IV-C Heavy Duotronic Core,,[T2][M] Type-IV-A Duotronic Core,[T2][L] Lwaxana '12 Escort Protocol,,,[T1][H] Hvy. Alloy-2 Duranium Hull,[T1][H] Type-V-H SIF,,,,[T2][M] 2310-Heavy Pattern Deuterium Tanks,[T1][H][R---C+] Type-II Experimental (Venus) Warp Core,,[T1][H][R-C+SR+] Mk VIII High Volume Compressor,[T2][L][R-SR-] VSA-14-L Efficient Coolant System,[T2][L][R+] Tellar HIG-110 Pulse Injection Manifold,,,
,,Total,3.00,,,,,2.14,7.03,2.11,4.06,5.03,4.13,947.800,94.780,74.455,107.465,107.569,1.31,2.64,3.06,99.315%,2 2/12,,,,1,[T2][M] SDB-09 High-Power Impulse Drive Sys,1,[T2][L] Lt. Alloy-3 Duranium Hull,1,[T2] EngOS Monitoring - Anak-Krueger EM Rails,,Raw,,,,,,,,2.144,7.027,2.114,4.057,5.028,4.135,812.800,79.330,75.942,107.465,104.569,1.312,2.638,3.061,-0.007,0.00,,,,,3.000,2.144,7.027,2.114,4.057,5.028,4.135,947.800,94.780,74.455,107.465,107.569,1.312,2.638,3.061,0.993,2.17,,,,2.144,7.027,2.114,4.057,5.028,4.135,947.800,94.780,74.455,107.465,107.569,1.312,2.638,3.061,99.315%,2.17,,900,,,,,,,,,,,,,0.0408,,,,,,,,,,,,,,,,,0.000,0.000,0.000,0.000,0.000,0.000,0.000,0.000,0.000,0.000,0.000,3.000,0.000,0.000,0.000,1.000,0.00,,,,0.000,0.000,0.000,0.000,0.000,0.000,0.000,0.000,0.000,0.000,3.000,0.000,0.000,0.000,100.000%,0.00,,0,,,,,,,,,,,,,0.0000,,,,,,,,,,,,,,,[T3] 1050kt Frigate Frame,[T2][O-] Md Frigate Tactical Suite,[T2][OET-SR-] Md Frigate Operations Suite,[T2][C-] Md Frigate Hull Suite,[T2][OET-SR-] Md Frigate Engineering Suite,[T2] Md Frigate Warp Core Suite,[T4][H] Type-IX Experimental Phaser Array Full Bank,[T4][H] Type-IX Experimental Phaser Array Full Bank,[T3][L] Mk-V LW Torpedo System,[T2][H] Mark-VI-Heavy SR Lateral Sensor Array,[T1][H] 'Dauntless' Tracking System,[T2][M] Mk-V-H Shield Gens,[T2][M] Mk-V-H Shield Gens,,[T1][H] Mark-VI-Heavy LR Sensor Array,[T2][H] Mark-VII-Heavy Nav Array ,,[T2][L] Pattern-K3 Compact Lab,[T3][L] Type-V Compact Duotronic Core,,[T2][H] Type-IV-C Heavy Duotronic Core,[T2][M] Lwaxana '12 General Protocol,,,[T2][L] Lt. Alloy-3 Duranium Hull,[T2][L] Type-VI-L SIF,,,,[T2][H] 2310-Super-Heavy Pattern Deuterium,[T1][H][R+C-] Type-E Block-4 Automated Core,,[T2][L][R-C-] Luna-VI High-Efficiency M/AM System,[T2][L] Mk VIII Mod L Yoyodyne Coolant System,[T2][M][SR-] SBD-A Efficient Manifold,,,
,,,,,,,,,,,,,,,,,,,,,,,,,,,,,,,,,,Final,,,,,,,,2.000,7.000,2.000,4.000,5.000,4.000,948.000,80.000,80.000,107.000,105.000,2.000,3.000,4.000,-0.007,2.17,,,,,3,,,,,,,,,,,,,,,,,,,,2.000,7.000,2.000,4.000,5.000,4.000,948.000,95.000,75.000,107.000,108.000,2.000,3.000,4.000,99.320%,2.17,,900,,,,,,,,,,,,,0.0417,,,,,,,,,,,,,,,,,0,,,,,,,,,,,,,,,,,,,,0.000,0.000,0.000,0.000,0.000,0.000,0.000,0.000,0.000,0.000,3.000,0.000,0.000,0.000,100.000%,0.00,,0,,,,,,,,,,,,,0.0000,,,,,,,,,,,,,,,[T-3] 700kt Cruiser Frame,[T2][O--SR-] Lg Frigate Tactical Suite,[T2][OE--] Lg Frigate Operations Suite,[T2][C--] Lg Frigate Hull Suite,[T2][OE--SR--] Lg Frigate Engineering Suite,[T2][C-SR+] Lg Frigate Warp Core Suite,,,[T3][M][SR-] Mk-V Torpedo System,[T3][L] Mark-VII-Light SR Lateral Sensor Array,[T2][L] Type-III Duotronic TCU,[T2][H] Mk-V-SH Shield Gens,[T2][H] Mk-V-SH Shield Gens,,[T2][L] Mark-VII-Light LR Sensor Array,[T3][L] Mark-VIII-Light Nav Array,,[T2][M] Cruiser-2 Pattern Lab,[T3][M] Type-V Duotronic Core,,[T3][L] Type-V Compact Duotronic Core,[T2][H] Lwaxana '12 Explorer Protocol,,,[T2][M] Med. Alloy-3 Duranium Hull,[T2][M] Type-VI SIF,,,,[T3][L] 2310-Light Pattern Deuterium Tanks,[T2][L][R--C-SR+] ONA-III-L Experimental,,[T2][M] Mk IX Sublimator-Compressor,[T2][M][R+SR+] Mars-8 Experimental Coolant System,[T2][M][R+] VSA-6 Pulse Injection Manifold,,,
,,Tactical Subsystem Options,,Type,,Weight Class,Weight Cap,C x,S x,H x,L x,P x,D x,Weight,BR Cost,SR Cost x,,,O x,E x,T x,,Build Time,Tech Time,,,Archive 1,Click to Restore,,,,,,Frame,Type,Parent,,,,,,C x,S x,H x,L x,P x,D x,Weight,BR Cost,SR Cost x,,,O x,E x,T x,,Build Time,Tech Time,Weight Cap,Name,,,C x,S x,H x,L x,P x,D x,Weight,BR Cost,SR Cost x,,,O x,E x,T x,,Build Time,Tech Time,Weight Cap,Mod Effect x,C x,S x,H x,L x,P x,D x,Weight,BR Cost,SR Cost x,,,O x,E x,T x,,Build Time,Tech Time,Weight Cap,,,,,,,,,,,,,,Size Class,Weight Class,MaxSz,Wt,Build Time,Tac Mod,,,O-Mod,E-Mod,T-Mod,SR-Mod,,,Name,,,C x,S x,H x,L x,P x,D x,Weight,BR Cost,SR Cost x,,,O x,E x,T x,,Build Time,Tech Time,Weight Cap,Mod Effect x,C x,S x,H x,L x,P x,D x,Weight,BR Cost,SR Cost x,,,O x,E x,T x,,Build Time,Tech Time,Weight Cap,,,,,,,,,,,,,,Size Class,Weight Class,MaxSz,Wt,Build Time,Tac Mod,,,O-Mod,E-Mod,T-Mod,SR-Mod,,,[T-2] 750kt Cruiser Frame,[T3][SR+] Sm Frigate Tactical Suite,[T3][T--SR--] Sm Frigate Operations Suite,[T3] Sm Frigate Hull Suite,[T3][T--] Sm Frigate Engineering Suite,[T3][C+SR-] Sm Frigate Warp Core Suite,,,[T3][H][C-] Type-V Auto System,[T3][M] Mark-VII SR Lateral Sensor Array,[T2][M] Type-3 TCU,[T3][L] Mk-VI-E Shield Gens,[T3][L] Mk-VI-E Shield Gens,,[T2][M] Mark-VII LR Sensor Array,[T3][M] Mark-VIII Nav Array,,[T2][H] Spock-C Pattern Lab,[T3][H] Type-V Heavy Duotronic Core,,[T3][M] Type-V Duotronic Core,[T3][L] Lwaxana '21 Escort Protocol,,,[T2][H] Hvy. Alloy-3 Duranium Hull,[T2][H] Type-VI-H SIF,,,,[T3][M] 2310-Heavy Pattern Deuterium Tanks,[T2][L][C+] Type-I Block-A (40E) Warp Core,,[T2][H][R-C+SR+] Mk IX High Volume Compressor,[T2][H][SR-] SBD-VIII Efficient Coolant System,[T2][H][R-SR-] YYD-4 Performance Manifold,,,
,,Tactical Sub-Frame,,[T1][SR+] Sm Frigate Tactical Suite,,Frigate,225,0.98,0.98,0.98,0.98,0.98,0.98,0.000,0.000,1.000,,,0.71,1.20,1.00,,2/12,,,,Class,SWB Cheapish Kepler,,,,Design Sheet Version: C8,,Tactical Sub-Frame,Tactical,Frame,,,,,,0.980,0.980,0.980,0.980,0.980,0.980,0.000,0.000,1.000,,,0.709,1.200,1.000,,,,225,[T1][SR+] Sm Frigate Tactical Suite,,,0.980,0.980,0.980,0.980,0.980,0.980,0.000,0.000,1.000,,,0.709,1.200,1.000,,0.17,,225,0.980,0.980,0.980,0.980,0.980,0.980,0.980,0.000,0.000,1.000,,,0.709,1.200,1.000,,0.17,,225,,,,,,,,,,,,,,1,1,25,,0.1666666667,0.98,,,0.945,1,1,1,,2308,,,,0.000,0.000,0.000,0.000,0.000,0.000,0.000,0.000,0.000,,,0.000,0.000,0.000,,0.00,,0,0.000,0.000,0.000,0.000,0.000,0.000,0.000,0.000,0.000,0.000,,,0.000,0.000,0.000,,0.00,,0,,,,,,,,,,,,,,0,0,0,0,0,0,,,0,0,0,0,,,[T-1] 1mt Cruiser Frame,[T3][O-] Md Frigate Tactical Suite,[T3][OET-SR-] Md Frigate Operations Suite,[T3][C-] Md Frigate Hull Suite,[T3][OET-SR-] Md Frigate Engineering Suite,[T3] Md Frigate Warp Core Suite,,,,[T3][H] Mark-VII-Heavy SR Lateral Sensor Array,[T2][H] DI-4 Predictive Targeting Array,[T3][M] Mk-VI-H Shield Gens,[T3][M] Mk-VI-H Shield Gens,,[T2][H] Mark-VII-Heavy LR Sensor Array,[T3][H] Mark-VIII-Heavy Nav Array,,[T3][L] Pattern-K4 Compact Lab,[T4][L] Type-VI Compact Duotronic Core,,[T3][H] Type-V Heavy Duotronic Core,[T3][M] Lwaxana '21 General Protocol,,,[T3][L] Lt. Alloy-4 Duranium Hull,[T3][L] Type-VII-L SIF,,,,[T3][H] 2310-Super-Heavy Pattern Deuterium,[T2][M][R--C-SR+] ONA-III-M Experimental,,[T3][L][R-C-] Luna-VII High-Efficiency M/AM System,[T2][H][R+] Mk VIII Mod H Yododyne SBD Coolant System,[T2][H] SF-VII Performance Manifold,,,
,,Component,#,Type,,,,C,S,H,L,P,D,Weight,BR Cost,SR Cost,Pwr Cost,Pwr Gen,O,E,T,Reliability,,Tech Time,,,Stat Line,C2 S7 H2 L4 P5 D4 - 95br 75sr - 948kt [2 2/12]yr - O2 E3 T4,,,,,,Component,Type,Parent,Has Part?,Min Size Class,Max Size Class,Min Qty,Max Qty,C,S,H,L,P,D,Weight,BR Cost,SR Cost,Pwr Cost,Pwr Gen,O,E,T,Reliability,Build Time,Tech Time,,Name,,Qty,C,S,H,L,P,D,Weight,BR Cost,SR Cost,Pwr Cost,Pwr Gen,O,E,T,Reliability,,Tech Time,,Mod Effect,C,S,H,L,P,D,Weight,BR Cost,SR Cost,Power Cost,Power Gen,O,E,T,Reliability,,Tech Time,,Effect Custom Mod,Effect Qty?,C Mod,S Mod,H Mod,L Mod,P Mod,D Mod,Wt Custom Mod,Scale Wt?,Cost Mod,Crew Mod,1/sum(stats),Size Sort,Effect,Weight O/H,Scale Weight,Unit Weight,SR Cost x,Pwr O/H,Scale Pwr,Unit Power,O,E,T,Reliability,Year Available (SF),Name,,Qty,C,S,H,L,P,D,Weight,BR Cost,SR Cost,Pwr Cost,Pwr Gen,O,E,T,Reliability,,Tech Time,,Mod Effect,C,S,H,L,P,D,Weight,BR Cost,SR Cost,Power Cost,Power Gen,O,E,T,Reliability,,Tech Time,,Effect Custom Mod,Effect Qty?,C Mod,S Mod,H Mod,L Mod,P Mod,D Mod,Wt Custom Mod,Scale Wt?,Cost Mod,Crew Mod,1/sum(stats),Size Sort,Effect,Weight O/H,Scale Weight,Unit Weight,SR Cost x,Pwr O/H,Scale Pwr,Unit Power,O,E,T,Reliability,,[T0] 1500kt Cruiser Frame,[T3][O--SR-] Lg Frigate Tactical Suite,[T3][OE--] Lg Frigate Operations Suite,[T3][C--] Lg Frigate Hull Suite,[T3][OE--SR--] Lg Frigate Engineering Suite,[T3][C-SR+] Lg Frigate Warp Core Suite,,,,[T4][L] Mark-VII-Light SR Lateral Sensor Array,[T3][L] Type-IV Duotronic TCU,[T3][H] Mk-VI-SH Shield Gens,[T3][H] Mk-VI-SH Shield Gens,,[T3][L] Mark-VIII-Light LR Sensor Array,,,[T3][M] Cruiser-3 Pattern Lab,[T4][M] Type-VI Duotronic Core,,[T4][L] Type-VI Compact Duotronic Core,[T3][H] Lwaxana '21 Explorer Protocol,,,[T3][M] Med. Alloy-4 Duranium Hull,[T3][M] Type-VII SIF,,,,,[T2][M][R-C+] Type-III Block-A (YYD) Warp Core,,[T3][M] Mk X Sublimator-Compressor,[T3][L][R-SR-] VSA-15-L Efficient Coolant System,[T3][L][SR-] 40EA-II Industrial Injection Manifold ,,,
,,Primary Phasers,2,[T-1][L] Model 68 Phaser Bank,,,,0.62,0.00,0.00,0.00,0.00,0.00,16.000,1.600,0.800,6.000,,0.22,0.41,0.05,100.000%,,,,,,Evasion Chance: 21.74%,Reliability: 99.32% (Annual Breakdown Chance: 0.68%),,Warp Core Breach Chance: 36.50%,,,Primary Phasers,Phasers,Tactical,TRUE,,,0,,0.618,0.000,0.000,0.000,0.000,0.000,16.000,1.600,0.800,6.000,0.000,0.220,0.415,0.052,0.000,,,,[T-1][L] Model 68 Phaser Bank,,2,0.618,0.000,0.000,0.000,0.000,0.000,16.000,1.600,0.800,6.000,,0.220,0.415,0.052,1.000,,,,0.631,0.618,0.000,0.000,0.000,0.000,0.000,16.000,1.600,0.800,6.000,,0.220,0.415,0.052,100.000%,,,,0.97,TRUE,1,,,,,,1,FALSE,1,1,1.6175,1,0.36,4,0,6,0.05,0.6,0.8,1.5,0.18,0.2,0.03,1,2270,,,,0.000,0.000,0.000,0.000,0.000,0.000,0.000,0.000,0.000,0.000,,0.000,0.000,0.000,1.000,,,,0.000,0.000,0.000,0.000,0.000,0.000,0.000,0.000,0.000,0.000,0.000,,0.000,0.000,0.000,100.000%,,,,1,TRUE,1,,,,,,1,FALSE,1,1,0.0000,0,0,0,0,0,0,0,0,0,0,0,0,1,,[T1] 1mt Cruiser Frame,,,,,,,,,[T4][M] Mark-VII SR Lateral Sensor Array,[T3][M] Type-4 TCU,,,,[T3][M] Mark-VIII LR Sensor Array,,,[T3][H] Spock-D Pattern Lab,[T4][H] Type-VI Heavy Duotronic Core,,[T4][M] Type-VI Duotronic Core,,,,[T3][H] Hvy. Alloy-4 Duranium Hull,[T3][H] Type-VII-H SIF,,,,,[T2][H][R--C-SR+] ONA-III-H Experimental,,[T3][H][R-C+SR+] Mk X High Volume Compressor,[T3][L] Mk IX Mod L Yoyodyne Coolant System,[T3][L][R+] Tellar HIG-117 Pulse Injection Manifold ,,,
,,Secondary Phasers,0,No Phasers,,,,0.00,0.00,0.00,0.00,0.00,0.00,0.000,0.000,0.000,0.000,,0.00,0.00,0.00,100.000%,,,,,SDB Info,C[2.14] S[7.03] H[2.11] L[4.06] P[5.03] D[4.13] - [94.78]br [74.45]sr - [947.80]kt [2 2/12]yr - O[1.31] E[2.64] T[3.06],,,,,,Secondary Phasers,Phasers,Tactical,TRUE,,,0,0,0.000,0.000,0.000,0.000,0.000,0.000,0.000,0.000,0.000,0.000,0.000,0.000,0.000,0.000,0.000,,,,No Phasers,,0,0.000,0.000,0.000,0.000,0.000,0.000,0.000,0.000,0.000,0.000,,0.000,0.000,0.000,1.000,,,,0.000,0.000,0.000,0.000,0.000,0.000,0.000,0.000,0.000,0.000,0.000,,0.000,0.000,0.000,100.000%,,,,0.97,TRUE,1/4,,,,,,1,FALSE,1/4,1,0.0000,-99,0,0,0,0,0,0,0,0,0,0,0,1,0,,,,0.000,0.000,0.000,0.000,0.000,0.000,0.000,0.000,0.000,0.000,,0.000,0.000,0.000,1.000,,,,0.000,0.000,0.000,0.000,0.000,0.000,0.000,0.000,0.000,0.000,0.000,,0.000,0.000,0.000,100.000%,,,,1,TRUE,1/4,,,,,,1,FALSE,1/4,1,0.0000,0,0,0,0,0,0,0,0,0,0,0,0,1,,[T1] 1800kt Cruiser Frame,,,,,,,,,[T4][H] Mark-VII-Heavy SR Lateral Sensor Array,[T3][H] TH-5 Rangemaster Unit,,,,[T3][H] Mark-VIII-Heavy LR Sensor Array,,,,,,[T4][H] Type-VI Heavy Duotronic Core,,,,,[T4][L] Type-VIII-L SIF,,,,,[T2][H][C+] Type-II Block-A (Venus) Warp Core,,[T4][L][R-C-] Luna-VIII High-Efficiency M/AM System,[T3][M][R+SR+] Mars-9 Experimental Coolant System,[T3][M][SR-] SBD-B Efficient Manifold,,,
,,Phaser Array?,FALSE,,,,,,,,,,,,,,,,,,,,,,,,,Power[107.47/107.57] - Internal[897.8/900] Tactical[131.5/225] Operations[391.0/405] Hull[34.5/135] Engineering[111.0/315] WarpCore[94.8/225],,,,,,Phaser Array?,,,FALSE,,,,,,,,,,,,,,,,,,,,,,,,,FALSE,,,,,,,,,,,,,,,,,,,,,,,,,,,,,,,,,,,,,,,,,,,,,,,,,,0.0000,0,0,0,0,0,0,0,0,0,0,0,0,1,*,,,,,,,,,,,,,,,,,,,,,,,,,,,,,,,,,,,,,,,,,,,,,,,,,,,,,0.0000,0,0,0,0,0,0,0,0,0,0,0,0,1,,[T2] 2100kt Cruiser Frame,,,,,,,,,,,,,,,,,,,,,,,,,[T4][M] Type-VIII SIF,,,,,[T3][L][R-C-SR+] ONA-IV-L Standard,,[T4][M] Mk XI Sublimator-Compressor,[T3][H][SR-] SBD-IX Efficient Coolant System,[T3][M][R+] VSA-7 Pulse Injection Manifold,,,
,,Torpedo System,0,No Torp,,,,0.00,0.00,0.00,0.00,0.00,0.00,0.000,0.000,0.000,0.000,,0.00,0.00,0.00,100.000%,,,,,Size,Frame Options,#,Operations Subsystem Options,#,Engineering Subsystem Options,,Torpedo System,Torpedoes,Tactical,TRUE,,,0,,0.000,0.000,0.000,0.000,0.000,0.000,0.000,0.000,0.000,0.000,0.000,0.000,0.000,0.000,0.000,,,,No Torp,,0,0.000,0.000,0.000,0.000,0.000,0.000,0.000,0.000,0.000,0.000,,0.000,0.000,0.000,1.000,,,,0.000,0.000,0.000,0.000,0.000,0.000,0.000,0.000,0.000,0.000,0.000,,0.000,0.000,0.000,100.000%,,,,1.5,TRUE,1,,,,,,1 1/2,FALSE,1,1,0.0000,-99,0,0,0,0,0,0,0,0,0,0,0,1,2230,,,,0.000,0.000,0.000,0.000,0.000,0.000,0.000,0.000,0.000,0.000,,0.000,0.000,0.000,1.000,,,,0.000,0.000,0.000,0.000,0.000,0.000,0.000,0.000,0.000,0.000,0.000,,0.000,0.000,0.000,100.000%,,,,1.5,TRUE,1,,,,,,1 1/2,FALSE,1,1,0.0000,0,0,0,0,0,0,0,0,0,0,0,0,1,,[T3] 1mt Cruiser Frame,,,,,,,,,,,,,,,,,,,,,,,,,[T4][H] Type-VIII-H SIF,,,,,[T3][L][R+C+] Type-I Block-B (40E) Warp Core,,[T4][H][R-C+SR+] Mk XI High Volume Compressor,[T3][H][R+] Mk IX Mod H Yoyodyne Coolant System,[T3][H][R-SR-] YYD-5 Performance Manifold,,,
,,Burst Launcher?,TRUE,,,,,,,,,,,,,,,,,,,,,,,,3.00,[T1] 900kt Frigate Frame,,[T2][OE--] Lg Frigate Operations Suite,,[T2][OET-SR-] Md Frigate Engineering Suite,,Burst Launcher?,,,FALSE,,,,,,,,,,,,,,,,,,,,,,,,,TRUE,,,,,,,,,,,,,,,,,,,,,,,,,,,,,,,,,,,,,,,,,,,,,,,,,,0.0000,0,0,0,0,0,0,0,0,0,0,0,0,1,*,,,,,,,,,,,,,,,,,,,,,,,,,,,,,,,,,,,,,,,,,,,,,,,,,,,,,0.0000,0,0,0,0,0,0,0,0,0,0,0,0,1,,[T3] 1500kt Cruiser Frame,,,,,,,,,,,,,,,,,,,,,,,,,,,,,,[T3][M][R-C-SR+] ONA-IV-M Standard,,,,[T3][H] SF-VIII Performance Manifold,,,
,,Short-Range Sensors,2,[T2][H] Mark-VI-Heavy SR Lateral Sensor Array,,,,0.66,0.66,0.00,0.00,0.00,0.00,46.500,4.650,2.790,3.400,,0.06,0.21,0.23,100.000%,,,,,Size,Module Options,2,[T2][H] Mark-VII-Heavy LR Sensor Array,2,[T2][M] Type-VI SIF,,Short-Range Sensors,Short-Range Sensors,Tactical,TRUE,,,0,,0.664,0.664,0.000,0.000,0.000,0.000,46.500,4.650,2.790,3.400,0.000,0.061,0.207,0.233,0.000,,,,[T2][H] Mark-VI-Heavy SR Lateral Sensor Array,,2,0.664,0.664,0.000,0.000,0.000,0.000,46.500,4.650,2.790,3.400,,0.061,0.207,0.233,1.000,,,,1.355,0.664,0.664,0.000,0.000,0.000,0.000,46.500,4.650,2.790,3.400,,0.061,0.207,0.233,100.000%,,,,1,TRUE,1/2,1/2,,,,,1,FALSE,1,1,0.7531,3,0.75,5,0,20.75,0.06,0.8,0,1.3,0.05,0.1,0.135,1,2312,,,,0.000,0.000,0.000,0.000,0.000,0.000,0.000,0.000,0.000,0.000,,0.000,0.000,0.000,1.000,,,,0.000,0.000,0.000,0.000,0.000,0.000,0.000,0.000,0.000,0.000,0.000,,0.000,0.000,0.000,100.000%,,,,1,TRUE,1/2,1/2,,,,,1,FALSE,1,1,0.0000,0,0,0,0,0,0,0,0,0,0,0,0,1,,[T3] 2100kt Cruiser Frame,,,,,,,,,,,,,,,,,,,,,,,,,,,,,,[T3][M][C+] Type-III Block-B (YYD) Warp Core ,,,,[T4][L][SR-] 40EA-III Industrial Injection Manifold,,,
,,Targeting Computer,1,No TCU,,,,0.00,0.00,0.00,0.00,0.00,0.00,0.000,0.000,0.000,0.000,,0.00,0.00,0.00,100.000%,,,,,0.00,No Module,2,[T2][H] Mark-VII-Heavy Nav Array ,3,[T1][L] Modulated Graviton Beam Deflector Saucer-Only,,Targeting Computer,Targeting Computers,Tactical,TRUE,,,0,1,0.000,0.000,0.000,0.000,0.000,0.000,0.000,0.000,0.000,0.000,0.000,0.000,0.000,0.000,0.000,,,,No TCU,,1,0.000,0.000,0.000,0.000,0.000,0.000,0.000,0.000,0.000,0.000,,0.000,0.000,0.000,1.000,,,,0.000,0.000,0.000,0.000,0.000,0.000,0.000,0.000,0.000,0.000,0.000,,0.000,0.000,0.000,100.000%,,,,1,TRUE,1,,,,,,1,FALSE,1,1,0.0000,-99,0,0,0,0,0,0,0,0,0,0,0,1,0,,,,0.000,0.000,0.000,0.000,0.000,0.000,0.000,0.000,0.000,0.000,,0.000,0.000,0.000,1.000,,,,0.000,0.000,0.000,0.000,0.000,0.000,0.000,0.000,0.000,0.000,0.000,,0.000,0.000,0.000,100.000%,,,,1,TRUE,1,,,,,,1,FALSE,1,1,0.0000,0,0,0,0,0,0,0,0,0,0,0,0,1,,[T-3] 750kt 'Ranger' Frame,,,,,,,,,,,,,,,,,,,,,,,,,,,,,,[T3][H][R-C-SR+] ONA-IV-H Standard,,,,[T4][L][R+] Tellar HIG-122 Pulse Injection Manifold,,,
,,Deflector Shields,5,[T2][L] Mk-V-E Shield Gens,,,,0.00,0.00,0.00,2.97,0.00,0.00,30.000,3.000,6.000,16.450,,0.01,0.02,0.21,100.000%,,,,,#,Tactical Subsystem Options,0,No Survey Sensors,1,[T1][L] 2 X Centaur-A Pattern Nacelle,,Deflector Shields,Deflector Shields,Tactical,TRUE,,,0,,0.000,0.000,0.000,2.969,0.000,0.000,30.000,3.000,6.000,16.450,0.000,0.009,0.016,0.207,0.000,,,,[T2][L] Mk-V-E Shield Gens,,5,0.000,0.000,0.000,2.969,0.000,0.000,30.000,3.000,6.000,16.450,,0.009,0.016,0.207,1.000,,,,3.029,0.000,0.000,0.000,2.969,0.000,0.000,30.000,3.000,6.000,16.450,,0.009,0.016,0.207,100.000%,,,,1,TRUE,,,,1,,,1,FALSE,1,1,0.3369,1,1,0,0,6,0.2,1.45,2,1.8,0.005,0.005,0.08,1,2311,,,,0.000,0.000,0.000,0.000,0.000,0.000,0.000,0.000,0.000,0.000,,0.000,0.000,0.000,1.000,,,,0.000,0.000,0.000,0.000,0.000,0.000,0.000,0.000,0.000,0.000,0.000,,0.000,0.000,0.000,100.000%,,,,1,TRUE,,,,1,,,1,FALSE,1,1,0.0000,0,0,0,0,0,0,0,0,0,0,0,0,1,,[T-2] 1mt 'Constitution' Frame,,,,,,,,,,,,,,,,,,,,,,,,,,,,,,[T3][H][R+C+] Type-II Block-B (Venus) Warp Core,,,,[T4][M][SR-] SBD-C Efficient Manifold,,,
,,Backup Deflectors,5,[T2][L] Mk-V-E Shield Gens,,,,0.00,0.00,0.00,0.59,0.00,0.00,6.000,0.600,1.200,3.290,,0.00,0.00,0.04,,,,,,,[T1][SR+] Sm Frigate Tactical Suite,2,[T2][H] Spock-C Pattern Lab,1,[T2][M] S-Medical Mk VI Protein Synth,,Backup Deflectors,Deflector Shields,Tactical,TRUE,,,0,,0.000,0.000,0.000,0.594,0.000,0.000,6.000,0.600,1.200,3.290,0.000,0.002,0.003,0.041,0.000,,,,[T2][L] Mk-V-E Shield Gens,,5,0.000,0.000,0.000,0.594,0.000,0.000,6.000,0.600,1.200,3.290,,0.002,0.003,0.041,,,,,3.029,0.000,0.000,0.000,0.594,0.000,0.000,6.000,0.600,1.200,3.290,,0.002,0.003,0.041,,,,,1,TRUE,,,,1/5,,,1,FALSE,1/5,1/5,1.6843,1,1,0,0,6,0.2,1.45,2,1.8,0.005,0.005,0.08,1,2311,,,,0.000,0.000,0.000,0.000,0.000,0.000,0.000,0.000,0.000,0.000,,0.000,0.000,0.000,,,,,0.000,0.000,0.000,0.000,0.000,0.000,0.000,0.000,0.000,0.000,0.000,,0.000,0.000,0.000,,,,,1,TRUE,,,,1/5,,,1,FALSE,1/5,1/5,0.0000,0,0,0,0,0,0,0,0,0,0,0,0,1,,[T-1] 1800kt Explorer Frame,,,,,,,,,,,,,,,,,,,,,,,,,,,,,,,,,,[T4][M][R+] VSA-8 Pulse Injection Manifold,,,
,,Impulse Engine Pwr,1,[T2][M] SDB-09 High-Power Impulse Drive Sys,,,,0.09,0.00,0.00,0.00,0.00,0.28,33.000,3.300,1.980,0.850,,0.05,0.05,0.04,100.000%,,,,,2,[T-1][L] Model 68 Phaser Bank,3,[T1][L] Type-III-A Duotronic Core,3,[T2][L] 2310-Light Pattern Deuterium Tanks,,Impulse Engine Pwr,Impulse Engine Power,Tactical,TRUE,,,1,,0.088,0.000,0.000,0.000,0.000,0.282,33.000,3.300,1.980,0.850,0.000,0.046,0.052,0.043,0.000,,,,[T2][M] SDB-09 High-Power Impulse Drive Sys,,1,0.088,0.000,0.000,0.000,0.000,0.282,33.000,3.300,1.980,0.850,,0.046,0.052,0.043,1.000,,,,0.360,0.088,0.000,0.000,0.000,0.000,0.282,33.000,3.300,1.980,0.850,,0.046,0.052,0.043,100.000%,,,,1,TRUE,1/4,,,,,4/5,1,FALSE,1,1,2.6995,2,0.36,8,0,25,0.06,0.1,0.15,0.3,0.06,0.04,0.04,1,2313,,,,0.000,0.000,0.000,0.000,0.000,0.000,0.000,0.000,0.000,0.000,,0.000,0.000,0.000,1.000,,,,0.000,0.000,0.000,0.000,0.000,0.000,0.000,0.000,0.000,0.000,0.000,,0.000,0.000,0.000,100.000%,,,,1,TRUE,1/4,,,,,4/5,1,FALSE,1,1,0.0000,0,0,0,0,0,0,0,0,0,0,0,0,1,,[T0] 2400kt Explorer Frame,,,,,,,,,,,,,,,,,,,,,,,,,,,,,,,,,,[T4][H][R-SR-] YYD-7 Performance Manifold,,,
,,Tactical Subtotal,,,,,,1.37,0.66,0.00,3.56,0.00,0.28,131.500,13.150,12.770,29.990,0.000,0.34,0.69,0.58,100.000%,,,,,0,No Phasers,3,[T2] Majel 3.1 OS,,,,Tactical Subtotal,,,,,,,,1.370,0.664,0.000,3.562,0.000,0.282,131.500,13.150,12.770,29.990,0.000,0.339,0.693,0.577,0.000,,,,,,,1.370,0.664,0.000,3.562,0.000,0.282,131.500,13.150,12.770,29.990,0.000,0.339,0.693,0.577,1.000,,,,,1.370,0.664,0.000,3.562,0.000,0.282,131.500,13.150,12.770,29.990,0.000,0.339,0.693,0.577,100.000%,0.17,,225,,,,,,,,,,,,,,,,,,,,,,,,,,,,,,,0.000,0.000,0.000,0.000,0.000,0.000,0.000,0.000,0.000,0.000,0.000,0.000,0.000,0.000,1.000,,,,,0.000,0.000,0.000,0.000,0.000,0.000,0.000,0.000,0.000,0.000,0.000,0.000,0.000,0.000,100.000%,0.00,,0,,,,,,,,,,,,,,,,,,,,,,,,,,,,[T1] 3100kt Explorer Frame,,,,,,,,,,,,,,,,,,,,,,,,,,,,,,,,,,[T4][H] SF-IX Performance Manifold,,,
,,,,,,,,,,,,,,,,,,,,,,,,,,,FALSE,Phaser Array?,0,No Core,Size/Lvl,Warp Core Options,,,,,,,,,,,,,,,,,,,,,,,,,,,,,,,,,,,,,,,,,,,,,,,,,,,,,,,,,,,,,,,,,,,,,,,,,,,,,,,,,,,,,,,,,,,,,,,,,,,,,,,,,,,,,,,,,,,,,,,,,,,,,,,,,,,,,,,,,,,,,,,,,,,,,,,,,,,,,,,,,,[T2] 2400kt Explorer Frame,,,,,,,,,,,,,,,,,,,,,,,,,,,,,,,,,,,,,
,,Operations Subsystem Options,,Type,,Weight Class,Weight Cap,C x,S x,H x,L x,P x,D x,Weight,BR Cost,SR Cost x,,,O x,E x,T x,,Build Time,Tech Time,,,0,No Torp,FALSE,Isolinear?,,[T2] Md Frigate Warp Core Suite,,Frame,Type,Parent,,,,,,C x,S x,H x,L x,P x,D x,Weight,BR Cost,SR Cost x,,,O x,E x,T x,,Build Time,Tech Time,Weight Cap,Name,,,C x,S x,H x,L x,P x,D x,Weight,BR Cost,SR Cost x,,,O x,E x,T x,,Build Time,Tech Time,Weight Cap,Mod Effect x,C x,S x,H x,L x,P x,D x,Weight,BR Cost,SR Cost x,,,O x,E x,T x,,Build Time,Tech Time,Weight Cap,,,,,,,,,,,,,,Size Class,Weight Class,MaxSz,Wt,Build Time,Ops Mod,,,O-Mod,E-Mod,T-Mod,SR-Mod,,Year Available (SF),Name,,,C x,S x,H x,L x,P x,D x,Weight,BR Cost,SR Cost x,,,O x,E x,T x,,Build Time,Tech Time,Weight Cap,Mod Effect x,C x,S x,H x,L x,P x,D x,Weight,BR Cost,SR Cost x,,,O x,E x,T x,,Build Time,Tech Time,Weight Cap,,,,,,,,,,,,,,Size Class,Weight Class,MaxSz,Wt,Build Time,Ops Mod,,,O-Mod,E-Mod,T-Mod,SR-Mod,,,[T2] 3100kt Explorer Frame,,,,,,,,,,,,,,,,,,,,,,,,,,,,,,,,,,,,,
,,Operations Sub-Frame,,[T2][OE--] Lg Frigate Operations Suite,,Frigate,405,1.13,1.13,1.13,1.13,1.13,1.13,10.000,1.000,1.000,,,0.69,1.11,0.98,,6/12,,,,TRUE,Burst Launcher?,2,[T1][M] Lwaxana '04 General Protocol,2,[T2][L][C+] Type-I Block-A (40E) Warp Core,,Operations Sub-Frame,Operations,Frame,,,,,,1.130,1.130,1.130,1.130,1.130,1.130,10.000,1.000,1.000,,,0.694,1.110,0.980,,,,405,[T2][OE--] Lg Frigate Operations Suite,,,1.130,1.130,1.130,1.130,1.130,1.130,10.000,1.000,1.000,,,0.694,1.110,0.980,,0.50,,405,1.130,1.130,1.130,1.130,1.130,1.130,1.130,10.000,1.000,1.000,,,0.694,1.110,0.980,,0.50,,405,,,,,,,,,,,,,,3,1,45,10,0.5,1.13,,,0.925,0.925,0.98,1,,2314,,,,0.000,0.000,0.000,0.000,0.000,0.000,0.000,0.000,0.000,,,0.000,0.000,0.000,,0.00,,0,0.000,0.000,0.000,0.000,0.000,0.000,0.000,0.000,0.000,0.000,,,0.000,0.000,0.000,,0.00,,0,,,,,,,,,,,,,,0,0,0,0,0,0,,,0,0,0,0,,,[T2] 3400kt Explorer Frame,,,,,,,,,,,,,,,,,,,,,,,,,,,,,,,,,,,,,
,,Component,#,Type,,,,C,S,H,L,P,D,Weight,BR Cost,SR Cost,Pwr Cost,Pwr Gen,O,E,T,Reliability,,Tech Time,,,2,[T2][H] Mark-VI-Heavy SR Lateral Sensor Array,1,[T-1][M] 2260s Rec Space,0,Safety/Performance,,Component,Type,Parent,Has Part?,Min Size Class,Max Size Class,Min Qty,Max Qty,C,S,H,L,P,D,Weight,BR Cost,SR Cost,Pwr Cost,Pwr Gen,O,E,T,Reliability,Build Time,Tech Time,,Name,,Qty,C,S,H,L,P,D,Weight,BR Cost,SR Cost,Pwr Cost,Pwr Gen,O,E,T,Reliability,,Tech Time,,Mod Effect,C,S,H,L,P,D,Weight,BR Cost,SR Cost,Power Cost,Power Gen,O,E,T,Reliability,,Tech Time,,Effect Custom Mod,Effect Qty?,C Mod,S Mod,H Mod,L Mod,P Mod,D Mod,Wt Custom Mod,Scale Wt?,Cost Mod,Crew Mod,1/sum(stats),Size Sort,Effect,Weight O/H,Scale Weight,Unit Weight,SR Cost x,Pwr O/H,Scale Pwr,Unit Power,O,E,T,Reliability,Year Available (SF),Name,,Qty,C,S,H,L,P,D,Weight,BR Cost,SR Cost,Pwr Cost,Pwr Gen,O,E,T,Reliability,,Tech Time,,Mod Effect,C,S,H,L,P,D,Weight,BR Cost,SR Cost,Power Cost,Power Gen,O,E,T,Reliability,,Tech Time,,Effect Custom Mod,Effect Qty?,C Mod,S Mod,H Mod,L Mod,P Mod,D Mod,Wt Custom Mod,Scale Wt?,Cost Mod,Crew Mod,1/sum(stats),Size Sort,Effect,Weight O/H,Scale Weight,Unit Weight,SR Cost x,Pwr O/H,Scale Pwr,Unit Power,O,E,T,Reliability,,[T3] 2700kt Explorer Frame,,,,,,,,,,,,,,,,,,,,,,,,,,,,,,,,,,,,,
,,Long-Range Sensors,2,[T2][H] Mark-VII-Heavy LR Sensor Array,,,,0.00,1.12,0.00,0.00,0.00,0.00,41.000,4.100,3.280,3.200,,0.06,0.13,0.20,100.000%,,,,,1,No TCU,3,[T2][H] T'Koren Pattern Large Sickbay,2,[T2][L][R-C-] Luna-VI High-Efficiency M/AM System,,Long-Range Sensors,Long-Range Sensors,Operations,TRUE,,,0,,0.000,1.123,0.000,0.000,0.000,0.000,41.000,4.100,3.280,3.200,0.000,0.060,0.134,0.203,0.000,,,,[T2][H] Mark-VII-Heavy LR Sensor Array,,2,0.000,1.123,0.000,0.000,0.000,0.000,41.000,4.100,3.280,3.200,,0.060,0.134,0.203,1.000,,,,0.994,0.000,1.123,0.000,0.000,0.000,0.000,41.000,4.100,3.280,3.200,,0.060,0.134,0.203,100.000%,,,,1,TRUE,,1,,,,,1,FALSE,1,1,0.8906,3,0.55,5,0,18,0.08,0.6,0,1.3,0.05,0.07,0.12,1,2310,,,,0.000,0.000,0.000,0.000,0.000,0.000,0.000,0.000,0.000,0.000,,0.000,0.000,0.000,1.000,,,,0.000,0.000,0.000,0.000,0.000,0.000,0.000,0.000,0.000,0.000,0.000,,0.000,0.000,0.000,100.000%,,,,1,TRUE,,1,,,,,1,FALSE,1,1,0.0000,0,0,0,0,0,0,0,0,0,0,0,0,1,,[T3] 3400kt Explorer Frame,,,,,,,,,,,,,,,,,,,,,,,,,,,,,,,,,,,,,
,,Navigational Sensors,2,[T2][H] Mark-VII-Heavy Nav Array ,,,,0.00,1.12,0.00,0.00,0.00,0.19,41.500,4.150,3.320,3.400,,0.05,0.24,0.38,100.000%,,,,,5,[T2][L] Mk-V-E Shield Gens,#,Hull Subsystem Options,2,[T2][L] Mk VIII Mod L Yoyodyne Coolant System,,Navigational Sensors,Navigational Sensors,Operations,TRUE,,,0,,0.000,1.123,0.000,0.000,0.000,0.187,41.500,4.150,3.320,3.400,0.000,0.048,0.240,0.381,0.000,,,,[T2][H] Mark-VII-Heavy Nav Array ,,2,0.000,1.123,0.000,0.000,0.000,0.187,41.500,4.150,3.320,3.400,,0.048,0.240,0.381,1.000,,,,0.994,0.000,1.123,0.000,0.000,0.000,0.187,41.500,4.150,3.320,3.400,,0.048,0.240,0.381,100.000%,,,,1,TRUE,,1,,,,1/6,1,FALSE,1,1,0.7634,3,0.55,5,0,18.25,0.08,0.6,0,1.4,0.04,0.125,0.225,1,2310,,,,0.000,0.000,0.000,0.000,0.000,0.000,0.000,0.000,0.000,0.000,,0.000,0.000,0.000,1.000,,,,0.000,0.000,0.000,0.000,0.000,0.000,0.000,0.000,0.000,0.000,0.000,,0.000,0.000,0.000,100.000%,,,,1,TRUE,,1,,,,1/6,1,FALSE,1,1,0.0000,0,0,0,0,0,0,0,0,0,0,0,0,1,,[T3] 4000kt Explorer Frame,,,,,,,,,,,,,,,,,,,,,,,,,,,,,,,,,,,,,
,,Survey Sensors,0,No Survey Sensors,,,,0.00,0.00,0.00,0.00,0.00,0.00,0.000,0.000,0.000,0.000,,0.00,0.00,0.00,100.000%,,,,,5,[T2][L] Mk-V-E Shield Gens,,[T2] Sm Frigate Hull Suite,3,[T3][M][R+] VSA-7 Pulse Injection Manifold,,Survey Sensors,Survey Sensors,Operations,TRUE,,,0,,0.000,0.000,0.000,0.000,0.000,0.000,0.000,0.000,0.000,0.000,0.000,0.000,0.000,0.000,0.000,,,,No Survey Sensors,,0,0.000,0.000,0.000,0.000,0.000,0.000,0.000,0.000,0.000,0.000,,0.000,0.000,0.000,1.000,,,,0.000,0.000,0.000,0.000,0.000,0.000,0.000,0.000,0.000,0.000,0.000,,0.000,0.000,0.000,100.000%,,,,1,TRUE,,1,,,,,1,FALSE,1,1,0.0000,-99,0,0,0,0,0,0,0,0,0,0,0,1,0,,,,0.000,0.000,0.000,0.000,0.000,0.000,0.000,0.000,0.000,0.000,,0.000,0.000,0.000,1.000,,,,0.000,0.000,0.000,0.000,0.000,0.000,0.000,0.000,0.000,0.000,0.000,,0.000,0.000,0.000,100.000%,,,,1,TRUE,,1,,,,,1,FALSE,1,1,0.0000,0,0,0,0,0,0,0,0,0,0,0,0,1,,,,,,,,,,,,,,,,,,,,,,,,,,,,,,,,,,,,,,,
,,Science Labs,2,[T2][H] Spock-C Pattern Lab,,,,0.00,2.25,0.00,0.00,0.00,0.00,89.000,8.900,8.010,4.075,,0.07,0.11,0.39,100.000%,,,,,1,[T2][M] SDB-09 High-Power Impulse Drive Sys,1,[T2][L] Lt. Alloy-3 Duranium Hull,1,[T2] EngOS Monitoring - Anak-Krueger EM Rails,,Science Labs,Science Labs,Operations,TRUE,,,0,,0.000,2.246,0.000,0.000,0.000,0.000,89.000,8.900,8.010,4.075,0.000,0.066,0.106,0.390,0.000,,,,[T2][H] Spock-C Pattern Lab,,2,0.000,2.246,0.000,0.000,0.000,0.000,89.000,8.900,8.010,4.075,,0.066,0.106,0.390,1.000,,,,1.987,0.000,2.246,0.000,0.000,0.000,0.000,89.000,8.900,8.010,4.075,,0.066,0.106,0.390,100.000%,,,,1,TRUE,,1,,,,,1,FALSE,1,1,0.4453,3,1.1,3,0,43,0.09,1.5,0.425,0.65,0.055,0.055,0.23,1,2313,,,,0.000,0.000,0.000,0.000,0.000,0.000,0.000,0.000,0.000,0.000,,0.000,0.000,0.000,1.000,,,,0.000,0.000,0.000,0.000,0.000,0.000,0.000,0.000,0.000,0.000,0.000,,0.000,0.000,0.000,100.000%,,,,1,TRUE,,1,,,,,1,FALSE,1,1,0.0000,0,0,0,0,0,0,0,0,0,0,0,0,1,,,,,,,,,,,,,,,,,,,,,,,,,,,,,,,,,,,,,,,
,,Computer Core,3,[T1][L] Type-III-A Duotronic Core,,,,0.40,0.40,0.16,0.23,0.26,0.20,32.000,3.200,3.840,8.000,,0.00,0.05,0.21,99.990%,,,,,,,,,,,,Computer Core,Computer Cores,Operations,TRUE,,,3,3,0.395,0.395,0.158,0.226,0.263,0.198,32.000,3.200,3.840,8.000,0.000,0.000,0.047,0.207,0.000,,,,[T1][L] Type-III-A Duotronic Core,,3,0.395,0.395,0.158,0.226,0.263,0.198,32.000,3.200,3.840,8.000,,0.000,0.047,0.207,1.000,,,,1.398,0.395,0.395,0.158,0.226,0.263,0.198,32.000,3.200,3.840,8.000,,0.000,0.047,0.207,99.990%,,,,1,TRUE,1/4,1/4,1/10,1/7,1/6,1/8,1,FALSE,1,1,0.6117,1,0.6,20,0,4,0.12,5,1,0,0,0.02,0.1,0.9999,2305,,,,0.000,0.000,0.000,0.000,0.000,0.000,0.000,0.000,0.000,0.000,,0.000,0.000,0.000,1.000,,,,0.000,0.000,0.000,0.000,0.000,0.000,0.000,0.000,0.000,0.000,0.000,,0.000,0.000,0.000,100.000%,,,,1,TRUE,1/4,1/4,1/10,1/7,1/6,1/8,1,FALSE,1,1,0.0000,0,0,0,0,0,0,0,0,0,0,0,0,1,,,,,,,,,,,,,,,,,,,,,,,,,,,,,,,,,,,,,,,
,,Operating System,3,[T2] Majel 3.1 OS,,,,0.38,0.38,0.00,0.22,0.00,0.30,0.000,0.000,0.000,5.050,,0.19,0.18,0.22,100.000%,,,,,Archive 2,Click to Restore,,,,,,Operating System,Operating System,Operations,TRUE,,,3,3,0.379,0.379,0.000,0.216,0.000,0.303,0.000,0.000,0.000,5.050,0.000,0.192,0.184,0.217,0.000,,,,[T2] Majel 3.1 OS,,3,0.379,0.379,0.000,0.216,0.000,0.303,0.000,0.000,0.000,5.050,,0.192,0.184,0.217,1.000,,,,2.680,0.379,0.379,0.000,0.216,0.000,0.303,0.000,0.000,0.000,5.050,,0.192,0.184,0.217,100.000%,,,,1,TRUE,1/8,1/8,,1/14,,1/10,1,FALSE,1,1,0.7834,-99,1.15,0,0,0,0,1,0.25,1.1,0.13125,0.07875,0.105,1,2310,,,,0.000,0.000,0.000,0.000,0.000,0.000,0.000,0.000,0.000,0.000,,0.000,0.000,0.000,1.000,,,,0.000,0.000,0.000,0.000,0.000,0.000,0.000,0.000,0.000,0.000,0.000,,0.000,0.000,0.000,100.000%,,,,1,TRUE,1/8,1/8,,1/14,,1/10,1,FALSE,1,1,0.0000,0,0,0,0,0,0,0,0,0,0,0,0,1,,,,,,,,,,,,,,,,,,,,,,,,,,,,,,,,,,,,,,,
,,Secondary Core,0,No Core,,,,0.00,0.00,0.00,0.00,0.00,0.00,0.000,0.000,0.000,0.000,,0.00,0.00,0.00,,,,,,Class,Vanguard,,,,Design Sheet Version: C8,,Secondary Core,Computer Cores,Operations,TRUE,,,0,2,0.000,0.000,0.000,0.000,0.000,0.000,0.000,0.000,0.000,0.000,0.000,0.000,0.000,0.000,0.000,,,,No Core,,0,0.000,0.000,0.000,0.000,0.000,0.000,0.000,0.000,0.000,0.000,,0.000,0.000,0.000,,,,,0.000,0.000,0.000,0.000,0.000,0.000,0.000,0.000,0.000,0.000,0.000,,0.000,0.000,0.000,,,,,1,TRUE,1/16,1/16,,1/28,,1/40,1,FALSE,1/2,1/4,0.0000,-99,0,0,0,0,0,0,0,0,0,0,0,1,0,,,,0.000,0.000,0.000,0.000,0.000,0.000,0.000,0.000,0.000,0.000,,0.000,0.000,0.000,,,,,0.000,0.000,0.000,0.000,0.000,0.000,0.000,0.000,0.000,0.000,0.000,,0.000,0.000,0.000,,,,,1,TRUE,1/16,1/16,,1/28,,1/40,1,FALSE,1/2,1/4,0.0000,0,0,0,0,0,0,0,0,0,0,0,0,1,,,,,,,,,,,,,,,,,,,,,,,,,,,,,,,,,,,,,,,
,,Isolinear?,FALSE,,,,,,,,,,,,,,,,,,,,,,,,Stat Line,C5 S3 H4 L6 P2 D5 - 95br 65sr - 945kt [2 1/4]yr - O2 E3 T3,,,,,,Isolinear?,,,FALSE,,,,,,,,,,,,,,,,,,,,,,,,,FALSE,,,,,,,,,,,,,,,,,,,,,,,,,,,,,,,,,,,,,,,,,,,,,,,,,,0.0000,0,0,0,0,0,0,0,0,0,0,0,0,1,*,,,,,,,,,,,,,,,,,,,,,,,,,,,,,,,,,,,,,,,,,,,,,,,,,,,,,0.0000,0,0,0,0,0,0,0,0,0,0,0,0,1,,,,,,,,,,,,,,,,,,,,,,,,,,,,,,,,,,,,,,,
,,Diplomatic Package,2,[T1][M] Lwaxana '04 General Protocol,,,,0.00,0.00,0.00,0.00,2.45,0.00,80.000,8.000,8.400,10.000,,0.12,0.03,0.07,100.000%,,,,,,Evasion Chance: 21.84%,Reliability: 99.32% (Annual Breakdown Chance: 0.68%),,Warp Core Breach Chance: 37.50%,,,Diplomatic Package,Diplomatic Packages,Operations,TRUE,,,0,,0.000,0.000,0.000,0.000,2.450,0.000,80.000,8.000,8.400,10.000,0.000,0.120,0.029,0.068,0.000,,,,[T1][M] Lwaxana '04 General Protocol,,2,0.000,0.000,0.000,0.000,2.450,0.000,80.000,8.000,8.400,10.000,,0.120,0.029,0.068,1.000,,,,2.168,0.000,0.000,0.000,0.000,2.450,0.000,80.000,8.000,8.400,10.000,,0.120,0.029,0.068,100.000%,,,,1,TRUE,,,,,1,,1,FALSE,1,1,0.4082,2,1.2,16,0,32,0.105,2,0.5,3.25,0.1,0.015,0.04,1,2309,,,,0.000,0.000,0.000,0.000,0.000,0.000,0.000,0.000,0.000,0.000,,0.000,0.000,0.000,1.000,,,,0.000,0.000,0.000,0.000,0.000,0.000,0.000,0.000,0.000,0.000,0.000,,0.000,0.000,0.000,100.000%,,,,1,TRUE,,,,,1,,1,FALSE,1,1,0.0000,0,0,0,0,0,0,0,0,0,0,0,0,1,,,,,,,,,,,,,,,,,,,,,,,,,,,,,,,,,,,,,,,
,,Recreation Package,1,[T-1][M] 2260s Rec Space,,,,0.00,0.00,0.00,0.00,0.34,0.00,21.500,2.150,0.645,4.200,,0.00,0.00,0.00,100.000%,,,,,SDB Info,C[5.03] S[3.08] H[4.02] L[6.13] P[2.04] D[5.12] - [94.47]br [61.97]sr - [944.68]kt [2 1/4]yr - O[1.21] E[2.94] T[2.27],,,,,,Recreation Package,Recreation Packages,Operations,TRUE,,,0,,0.000,0.000,0.000,0.000,0.339,0.000,21.500,2.150,0.645,4.200,0.000,0.000,0.000,0.000,0.000,,,,[T-1][M] 2260s Rec Space,,1,0.000,0.000,0.000,0.000,0.339,0.000,21.500,2.150,0.645,4.200,,0.000,0.000,0.000,1.000,,,,0.300,0.000,0.000,0.000,0.000,0.339,0.000,21.500,2.150,0.645,4.200,,0.000,0.000,0.000,100.000%,,,,1,TRUE,,,,,1,,1,FALSE,1,1,2.9499,2,0.3,4,0,17.5,0.03,1,0.4,2,0,0,0,1,2270,,,,0.000,0.000,0.000,0.000,0.000,0.000,0.000,0.000,0.000,0.000,,0.000,0.000,0.000,1.000,,,,0.000,0.000,0.000,0.000,0.000,0.000,0.000,0.000,0.000,0.000,0.000,,0.000,0.000,0.000,100.000%,,,,1,TRUE,,,,,1,,1,FALSE,1,1,0.0000,0,0,0,0,0,0,0,0,0,0,0,0,1,,,,,,,,,,,,,,,,,,,,,,,,,,,,,,,,,,,,,,,
,,Sickbay,3,[T2][H] T'Koren Pattern Large Sickbay,,,,0.00,0.92,0.00,0.00,1.84,0.00,76.000,7.600,6.840,4.050,,0.22,0.00,0.52,100.000%,,,,,,Power[110.78/113.67] - Internal[892.7/900] Tactical[275.2/405] Operations[126.4/315] Hull[101.0/135] Engineering[147.3/315] WarpCore[107.8/225],,,,,,Sickbay,Sickbays,Operations,TRUE,,,0,,0.000,0.922,0.000,0.000,1.844,0.000,76.000,7.600,6.840,4.050,0.000,0.219,0.000,0.517,0.000,,,,[T2][H] T'Koren Pattern Large Sickbay,,3,0.000,0.922,0.000,0.000,1.844,0.000,76.000,7.600,6.840,4.050,,0.219,0.000,0.517,1.000,,,,1.632,0.000,0.922,0.000,0.000,1.844,0.000,76.000,7.600,6.840,4.050,,0.219,0.000,0.517,100.000%,,,,1,TRUE,,1/2,,,1,,1,FALSE,1,1,0.3616,3,0.7,10,0,22,0.09,1.5,0.4,0.45,0.15,0,0.25,1,2316,,,,0.000,0.000,0.000,0.000,0.000,0.000,0.000,0.000,0.000,0.000,,0.000,0.000,0.000,1.000,,,,0.000,0.000,0.000,0.000,0.000,0.000,0.000,0.000,0.000,0.000,0.000,,0.000,0.000,0.000,100.000%,,,,1,TRUE,,1/2,,,1,,1,FALSE,1,1,0.0000,0,0,0,0,0,0,0,0,0,0,0,0,1,,,,,,,,,,,,,,,,,,,,,,,,,,,,,,,,,,,,,,,
,,Operations Subtotal,,,,,,0.77,6.19,0.16,0.44,4.90,0.69,391.000,39.100,34.335,41.975,0.000,0.71,0.74,1.98,99.990%,,,,,Size,Frame Options,#,Operations Subsystem Options,#,Engineering Subsystem Options,,Operations Subtotal,,,,,,,,0.774,6.187,0.158,0.442,4.896,0.688,381.000,38.100,34.335,41.975,0.000,0.705,0.739,1.982,0.000,,,,,,,0.774,6.187,0.158,0.442,4.896,0.688,391.000,39.100,34.335,41.975,0.000,0.705,0.739,1.982,1.000,,,,,0.774,6.187,0.158,0.442,4.896,0.688,391.000,39.100,34.335,41.975,0.000,0.705,0.739,1.982,99.990%,0.50,,405,,,,,,,,,,,,,,,,,,,,,,,,,,,,,,,0.000,0.000,0.000,0.000,0.000,0.000,0.000,0.000,0.000,0.000,0.000,0.000,0.000,0.000,1.000,,,,,0.000,0.000,0.000,0.000,0.000,0.000,0.000,0.000,0.000,0.000,0.000,0.000,0.000,0.000,100.000%,0.00,,0,,,,,,,,,,,,,,,,,,,,,,,,,,,,,,,,,,,,,,,,,,,,,,,,,,,,,,,,,,,,,,,,,
,,,,,,,,,,,,,,,,,,,,,,,,,,,3.00,[T1] 900kt Frigate Frame,,[T2][OET-SR-] Md Frigate Operations Suite,,[T2][OET-SR-] Md Frigate Engineering Suite,,,,,,,,,,,,,,,,,,,,,,,,,,,,,,,,,,,,,,,,,,,,,,,,,,,,,,,,,,,,,,,,,,,,,,,,,,,,,,,,,,,,,,,,,,,,,,,,,,,,,,,,,,,,,,,,,,,,,,,,,,,,,,,,,,,,,,,,,,,,,,,,,,,,,,,,,,,,,,,,,,,,,,,,,,,,,,,,,,,,,,,,,,,,,,,,,,,,,,,
,,Hull Subsystem Options,,Type,,Weight Class,Weight Cap,C x,S x,H x,L x,P x,D x,Weight,BR Cost,SR Cost x,,,O x,E x,T x,,Build Time,Tech Time,,,Size,Module Options,0,No Sensor,3,[T2][H] Type-VI-H SIF,,Frame,Type,Parent,,,,,,C x,S x,H x,L x,P x,D x,Weight,BR Cost,SR Cost x,,,O x,E x,T x,,Build Time,Tech Time,Weight Cap,Name,,,C x,S x,H x,L x,P x,D x,Weight,BR Cost,SR Cost x,,,O x,E x,T x,,Build Time,Tech Time,Weight Cap,Mod Effect x,C x,S x,H x,L x,P x,D x,Weight,BR Cost,SR Cost x,,,O x,E x,T x,,Build Time,Tech Time,Weight Cap,,,,,,,,,,,,,,Size Class,Weight Class,MaxSz,Wt,Build Time,Hull Mod,,,O-Mod,E-Mod,T-Mod,SR-Mod,,Year Available (SF),Name,,,C x,S x,H x,L x,P x,D x,Weight,BR Cost,SR Cost x,,,O x,E x,T x,,Build Time,Tech Time,Weight Cap,Mod Effect x,C x,S x,H x,L x,P x,D x,Weight,BR Cost,SR Cost x,,,O x,E x,T x,,Build Time,Tech Time,Weight Cap,,,,,,,,,,,,,,Size Class,Weight Class,MaxSz,Wt,Build Time,Hull Mod,,,O-Mod,E-Mod,T-Mod,SR-Mod,,,,,,,,,,,,,,,,,,,,,,,,,,,,,,,,,,,,,,,,
,,Hull Sub-Frame,,[T2] Sm Frigate Hull Suite,,Frigate,135,0.99,0.99,0.99,0.99,0.99,0.99,0.000,0.000,1.000,,,0.75,1.20,1.00,,1/12,,,,0.00,No Module,1,[T2][M] Mark-VII Nav Array ,3,[T2][L] Graviton Wavefront Deflector Saucer-Only,,Hull Sub-Frame,Hull,Frame,,,,,,0.990,0.990,0.990,0.990,0.990,0.990,0.000,0.000,1.000,,,0.750,1.200,1.000,,,,135,[T2] Sm Frigate Hull Suite,,,0.990,0.990,0.990,0.990,0.990,0.990,0.000,0.000,1.000,,,0.750,1.200,1.000,,0.08,,135,0.990,0.990,0.990,0.990,0.990,0.990,0.990,0.000,0.000,1.000,,,0.750,1.200,1.000,,0.08,,135,,,,,,,,,,,,,,1,1,15,,0.08333333333,0.99,,,1,1,1,1,,2315,,,,0.000,0.000,0.000,0.000,0.000,0.000,0.000,0.000,0.000,,,0.000,0.000,0.000,,0.00,,0,0.000,0.000,0.000,0.000,0.000,0.000,0.000,0.000,0.000,0.000,,,0.000,0.000,0.000,,0.00,,0,,,,,,,,,,,,,,0,0,0,0,0,0,,,0,0,0,0,,,,,,,,,,,,,,,,,,,,,,,,,,,,,,,,,,,,,,,,
,,Component,#,Type,,,,C,S,H,L,P,D,Weight,BR Cost,SR Cost,Pwr Cost,Pwr Gen,O,E,T,Reliability,,Tech Time,,,#,Tactical Subsystem Options,0,No Survey Sensors,1,[T2][L] 2 X New Orleans Pattern Nacelles,,Component,Type,Parent,Has Part?,Min Size Class,Max Size Class,Min Qty,Max Qty,C,S,H,L,P,D,Weight,BR Cost,SR Cost,Pwr Cost,Pwr Gen,O,E,T,Reliability,Build Time,Tech Time,,Name,,Qty,C,S,H,L,P,D,Weight,BR Cost,SR Cost,Pwr Cost,Pwr Gen,O,E,T,Reliability,,Tech Time,,Mod Effect,C,S,H,L,P,D,Weight,BR Cost,SR Cost,Power Cost,Power Gen,O,E,T,Reliability,Build Time,Tech Time,,Effect Custom Mod,Effect Qty?,C Mod,S Mod,H Mod,L Mod,P Mod,D Mod,Wt Custom Mod,Scale Wt?,Cost Mod,Crew Mod,1/sum(stats),Size Sort,Effect,Weight O/H,Scale Weight,Unit Weight,SR Cost x,Pwr O/H,Scale Pwr,Unit Power,O,E,T,Reliability,Year Available (SF),Name,,Qty,C,S,H,L,P,D,Weight,BR Cost,SR Cost,Pwr Cost,Pwr Gen,O,E,T,Reliability,,Tech Time,,Mod Effect,C,S,H,L,P,D,Weight,BR Cost,SR Cost,Power Cost,Power Gen,O,E,T,Reliability,Build Time,Tech Time,,Effect Custom Mod,Effect Qty?,C Mod,S Mod,H Mod,L Mod,P Mod,D Mod,Wt Custom Mod,Scale Wt?,Cost Mod,Crew Mod,1/sum(stats),Size Sort,Effect,Weight O/H,Scale Weight,Unit Weight,SR Cost x,Pwr O/H,Scale Pwr,Unit Power,O,E,T,Reliability,,,,,,,,,,,,,,,,,,,,,,,,,,,,,,,,,,,,,,,
,,Hull System,1,[T2][L] Lt. Alloy-3 Duranium Hull,,,,0.00,0.00,0.38,0.00,0.00,0.00,34.500,3.450,0.414,0.000,,0.01,0.19,0.08,100.000%,,,,,,[T2][O--SR-] Lg Frigate Tactical Suite,1,[T2][L] Pattern-K3 Compact Lab,3,[T2][M] S-Medical Mk VI Protein Synth,,Hull System,Hull System,Engineering,TRUE,,,1,,0.000,0.000,0.376,0.000,0.000,0.000,34.500,3.450,0.414,0.000,0.000,0.008,0.194,0.081,0.000,,,,[T2][L] Lt. Alloy-3 Duranium Hull,,1,0.000,0.000,0.376,0.000,0.000,0.000,34.500,3.450,0.414,0.000,,0.008,0.194,0.081,1.000,,,,0.380,0.000,0.000,0.376,0.000,0.000,0.000,34.500,3.450,0.414,0.000,,0.008,0.194,0.081,100.000%,,,,1,TRUE,,,1,,,,1,TRUE,1,1,2.6582,1,0.38,0,11.5,0,0.012,0,0,0,0.01,0.15,0.075,1,2313,,,,0.000,0.000,0.000,0.000,0.000,0.000,0.000,0.000,0.000,0.000,,0.000,0.000,0.000,1.000,,,,0.000,0.000,0.000,0.000,0.000,0.000,0.000,0.000,0.000,0.000,0.000,,0.000,0.000,0.000,100.000%,,,,1,TRUE,,,1,,,,1,TRUE,1,1,0.0000,0,0,0,0,0,0,0,0,0,0,0,0,1,,,,,,,,,,,,,,,,,,,,,,,,,,,,,,,,,,,,,,,
,,Hull Subtotal,,,,,,0.00,0.00,0.38,0.00,0.00,0.00,34.500,3.450,0.414,0.000,0.000,0.01,0.19,0.08,100.000%,,,,,1,[T-1][L] Model 68 Phaser Bank,3,[T1][L] Type-III-A Duotronic Core,3,[T2][L] 2310-Light Pattern Deuterium Tanks,,Hull Subtotal,,,,,,,,0.000,0.000,0.376,0.000,0.000,0.000,34.500,3.450,0.414,0.000,0.000,0.008,0.194,0.081,0.000,,,,,,,0.000,0.000,0.376,0.000,0.000,0.000,34.500,3.450,0.414,0.000,0.000,0.008,0.194,0.081,1.000,,,,,0.000,0.000,0.376,0.000,0.000,0.000,34.500,3.450,0.414,0.000,0.000,0.008,0.194,0.081,100.000%,0.08,,135,,,,,,,,,,,,,,,,,,,,,,,,,,,,,,,0.000,0.000,0.000,0.000,0.000,0.000,0.000,0.000,0.000,0.000,0.000,0.000,0.000,0.000,1.000,,,,,0.000,0.000,0.000,0.000,0.000,0.000,0.000,0.000,0.000,0.000,0.000,0.000,0.000,0.000,100.000%,0.00,,0,,,,,,,,,,,,,,,,,,,,,,,,,,,,,,,,,,,,,,,,,,,,,,,,,,,,,,,,,,,,,,,,,
,,,,,,,,,,,,,,,,,,,,,,,,,,,0,No Phasers,3,[T3] Majel 3.5 OS,,,,,,,,,,,,,,,,,,,,,,,,,,,,,,,,,,,,,,,,,,,,,,,,,,,,,,,,,,,,,,,,,,,,,,,,,,,,,,,,,,,,,,,,,,,,,,,,,,,,,,,,,,,,,,,,,,,,,,,,,,,,,,,,,,,,,,,,,,,,,,,,,,,,,,,,,,,,,,,,,,,,,,,,,,,,,,,,,,,,,,,,,,,,,,,,,,,,,,,,,
,,Engineering Subsystem Options,,Type,,Weight Class,Weight Cap,C x,S x,H x,L x,P x,D x,Weight,BR Cost,SR Cost x,,,O x,E x,T x,,Build Time,Tech Time,,,FALSE,Phaser Array?,0,No Core,Size/Lvl,Warp Core Options,,Frame,Type,Parent,,,,,,C x,S x,H x,L x,P x,D x,Weight,BR Cost,SR Cost x,,,O x,E x,T x,,Build Time,Tech Time,Weight Cap,Name,,,C x,S x,H x,L x,P x,D x,Weight,BR Cost,SR Cost x,,,O x,E x,T x,,Build Time,Tech Time,Weight Cap,Mod Effect x,C x,S x,H x,L x,P x,D x,Weight,BR Cost,SR Cost x,,,O x,E x,T x,,Build Time,Tech Time,Weight Cap,,,,,,,,,,,,,,Size Class,Weight Class,MaxSz,Wt,Build Time,Eng. Mod,,,O-Mod,E-Mod,T-Mod,SR-Mod,,Year Available (SF),Name,,,C x,S x,H x,L x,P x,D x,Weight,BR Cost,SR Cost x,,,O x,E x,T x,,Build Time,Tech Time,Weight Cap,Mod Effect x,C x,S x,H x,L x,P x,D x,Weight,BR Cost,SR Cost x,,,O x,E x,T x,,Build Time,Tech Time,Weight Cap,,,,,,,,,,,,,,Size Class,Weight Class,MaxSz,Wt,Build Time,Eng. Mod,,,O-Mod,E-Mod,T-Mod,SR-Mod,,,,,,,,,,,,,,,,,,,,,,,,,,,,,,,,,,,,,,,,
,,Engineering Sub-Frame,,[T2][OET-SR-] Md Frigate Engineering Suite,,Frigate,315,1.06,1.06,1.06,1.06,1.06,1.06,5.000,0.500,0.975,,,0.71,1.13,0.94,,3/12,,,,3,[T2][M][SR-] Mk-IV Torpedo System,FALSE,Isolinear?,,[T2] Md Frigate Warp Core Suite,,Engineering Sub-Frame,Engineering,Frame,,,,,,1.060,1.060,1.060,1.060,1.060,1.060,5.000,0.500,0.975,,,0.705,1.128,0.940,,,,315,[T2][OET-SR-] Md Frigate Engineering Suite,,,1.060,1.060,1.060,1.060,1.060,1.060,5.000,0.500,0.975,,,0.705,1.128,0.940,,0.25,,315,1.060,1.060,1.060,1.060,1.060,1.060,1.060,5.000,0.500,0.975,,,0.705,1.128,0.940,,0.25,,315,,,,,,,,,,,,,,2,1,35,5,0.25,1.06,,,0.94,0.94,0.94,0.975,,2315,,,,0.000,0.000,0.000,0.000,0.000,0.000,0.000,0.000,0.000,,,0.000,0.000,0.000,,0.00,,0,0.000,0.000,0.000,0.000,0.000,0.000,0.000,0.000,0.000,0.000,,,0.000,0.000,0.000,,0.00,,0,,,,,,,,,,,,,,0,0,0,0,0,0,,,0,0,0,0,,,,,,,,,,,,,,,,,,,,,,,,,,,,,,,,,,,,,,,,
,,Component,#,Type,,,,C,S,H,L,P,D,Weight,BR Cost,SR Cost,Pwr Cost,Pwr Gen,O,E,T,Reliability,,Tech Time,,,TRUE,Burst Launcher?,1,[T-3][L] Escort Diplomatic Package '24,2,[T3][L][R+C+] Type-I Block-B (40E) Warp Core,,Component,Type,Parent,Has Part?,Min Size Class,Max Size Class,Min Qty,Max Qty,C,S,H,L,P,D,Weight,BR Cost,SR Cost,Pwr Cost,Pwr Gen,O,E,T,Reliability,Build Time,Tech Time,,Name,,Qty,C,S,H,L,P,D,Weight,BR Cost,SR Cost,Pwr Cost,Pwr Gen,O,E,T,Reliability,,Tech Time,,Mod Effect,C,S,H,L,P,D,Weight,BR Cost,SR Cost,Power Cost,Power Gen,O,E,T,Reliability,,Tech Time,,Effect Custom Mod,Effect Qty?,C Mod,S Mod,H Mod,L Mod,P Mod,D Mod,Wt Custom Mod,Scale Wt?,Cost Mod,Crew Mod,1/sum(stats),Size Sort,Effect,Weight O/H,Scale Weight,Unit Weight,SR Cost x,Pwr O/H,Scale Pwr,Unit Power,O,E,T,Reliability,Year Available (SF),Name,,Qty,C,S,H,L,P,D,Weight,BR Cost,SR Cost,Pwr Cost,Pwr Gen,O,E,T,Reliability,,Tech Time,,Mod Effect,C,S,H,L,P,D,Weight,BR Cost,SR Cost,Power Cost,Power Gen,O,E,T,Reliability,,Tech Time,,Effect Custom Mod,Effect Qty?,C Mod,S Mod,H Mod,L Mod,P Mod,D Mod,Wt Custom Mod,Scale Wt?,Cost Mod,Crew Mod,1/sum(stats),Size Sort,Effect,Weight O/H,Scale Weight,Unit Weight,SR Cost x,Pwr O/H,Scale Pwr,Unit Power,O,E,T,Reliability,,,,,,,,,,,,,,,,,,,,,,,,,,,,,,,,,,,,,,,
,,Structural Integrity Fields,2,[T2][M] Type-VI SIF,,,,0.00,0.00,1.58,0.00,0.00,0.00,36.000,3.600,4.914,4.500,,0.01,0.49,0.11,99.900%,,,,,2,[T2][H] Mark-VI-Heavy SR Lateral Sensor Array,0,No Onboard Recreation,0,Safety/Performance,,Structural Integrity Fields,Structural Integrity Fields,Engineering,TRUE,,,0,2,0.000,0.000,1.580,0.000,0.000,0.000,36.000,3.600,4.914,4.500,0.000,0.012,0.487,0.114,-0.001,,,,[T2][M] Type-VI SIF,,2,0.000,0.000,1.580,0.000,0.000,0.000,36.000,3.600,4.914,4.500,,0.012,0.487,0.114,0.999,,,,1.490,0.000,0.000,1.580,0.000,0.000,0.000,36.000,3.600,4.914,4.500,,0.012,0.487,0.114,99.900%,,,,1,TRUE,,,1,,,,1,FALSE,1,1,0.6330,2,0.825,20,0,8,0.14,0,0.7,1.2,0.01,0.25,0.07,0.999,2315,,,,0.000,0.000,0.000,0.000,0.000,0.000,0.000,0.000,0.000,0.000,,0.000,0.000,0.000,1.000,,,,0.000,0.000,0.000,0.000,0.000,0.000,0.000,0.000,0.000,0.000,0.000,,0.000,0.000,0.000,100.000%,,,,1,TRUE,,,1,,,,1,FALSE,1,1,0.0000,0,0,0,0,0,0,0,0,0,0,0,0,1,,,,,,,,,,,,,,,,,,,,,,,,,,,,,,,,,,,,,,,
,,Navigational Deflector,3,[T1][L] Modulated Graviton Beam Deflector Saucer-Only,,,,0.00,0.12,0.00,0.05,0.00,0.37,21.000,2.100,2.252,5.500,,0.07,0.12,0.02,100.000%,,,,,1,[T2][M] Type-3 TCU,1,[T2][H] T'Koren Pattern Large Sickbay,2,[T2][L][R-C-] Luna-VI High-Efficiency M/AM System,,Navigational Deflector,Navigational Deflectors,Engineering,TRUE,1,1,3,3,0.000,0.124,0.000,0.053,0.000,0.371,21.000,2.100,2.252,5.500,0.000,0.074,0.119,0.020,0.000,,,,[T1][L] Modulated Graviton Beam Deflector Saucer-Only,,3,0.000,0.124,0.000,0.053,0.000,0.371,21.000,2.100,2.252,5.500,,0.074,0.119,0.020,1.000,,,,0.350,0.000,0.124,0.000,0.053,0.000,0.371,21.000,2.100,2.252,5.500,,0.074,0.119,0.020,100.000%,,,,1,FALSE,,1/3,,1/7,,1,1,FALSE,1,1,1.8259,1,0.35,0,0,7,0.11,2.2,1.1,0,0.05,0.05,0.01,1,2307,,,,0.000,0.000,0.000,0.000,0.000,0.000,0.000,0.000,0.000,0.000,,0.000,0.000,0.000,1.000,,,,0.000,0.000,0.000,0.000,0.000,0.000,0.000,0.000,0.000,0.000,0.000,,0.000,0.000,0.000,100.000%,,,,1,FALSE,,1/3,,1/7,,1,1,FALSE,1,1,0.0000,0,0,0,0,0,0,0,0,0,0,0,0,1,,,,,,,,,,,,,,,,,,,,,,,,,,,,,,,,,,,,,,,
,,Nacelle System,1,[T1][L] 2 X Centaur-A Pattern Nacelle,,,,0.00,0.00,0.00,0.00,0.00,1.63,50.000,5.000,7.313,5.000,,0.00,0.00,0.00,100.000%,,,,,3,[T2][H] Mk-V-SH Shield Gens,#,Hull Subsystem Options,2,[T2][H][SR-] SBD-VIII Efficient Coolant System,,Nacelle System,Nacelles,Engineering,TRUE,,,1,1,0.000,0.000,0.000,0.000,0.000,1.628,50.000,5.000,7.313,5.000,0.000,0.000,0.000,0.000,0.000,,,,[T1][L] 2 X Centaur-A Pattern Nacelle,,1,0.000,0.000,0.000,0.000,0.000,1.628,50.000,5.000,7.313,5.000,,0.000,0.000,0.000,1.000,,,,1.536,0.000,0.000,0.000,0.000,0.000,1.628,50.000,5.000,7.313,5.000,,0.000,0.000,0.000,100.000%,,,,1,TRUE,,,,,,1,1,FALSE,1,1,0.6142,1,1.536,5,0,50,0.15,5,4,0,0,0,0,1,2306,,,,0.000,0.000,0.000,0.000,0.000,0.000,0.000,0.000,0.000,0.000,,0.000,0.000,0.000,1.000,,,,0.000,0.000,0.000,0.000,0.000,0.000,0.000,0.000,0.000,0.000,0.000,,0.000,0.000,0.000,100.000%,,,,1,TRUE,,,,,,1,1,FALSE,1,1,0.0000,0,0,0,0,0,0,0,0,0,0,0,0,1,,,,,,,,,,,,,,,,,,,,,,,,,,,,,,,,,,,,,,,
,,Nacelle Distribution,,,,,,,,,,,,5.000,0.500,0.731,12.000,,,,,,,,,,6,[T2][L] Mk-V-E Shield Gens,,[T2] Sm Frigate Hull Suite,3,[T3][L][R+] Tellar HIG-117 Pulse Injection Manifold ,,Nacelle Distribution,,Nacelles,FALSE,,,,,,,,,,,,0.500,0.731,12.000,0.000,,,,,,,,,,,,,,,,,5.000,0.500,0.731,12.000,,,,,,,,,,,,,,,,5.000,0.500,0.731,12.000,,,,,,,,,,,,,,,,,,,,,0.0000,0,0,0,0,0,0,0,0,0,0,0,0,1,*,,,,,,,,,,0.000,0.000,0.000,0.000,,,,,,,,,,,,,,,,0.000,0.000,0.000,0.000,,,,,,,,,,,,,,,,,,,,,0.0000,0,0,0,0,0,0,0,0,0,0,0,0,1,,,,,,,,,,,,,,,,,,,,,,,,,,,,,,,,,,,,,,,
,,Replication Package,1,[T2][M] S-Medical Mk VI Protein Synth,,,,0.00,0.05,0.00,0.00,0.13,0.53,14.000,1.400,0.137,2.000,,0.00,0.00,0.03,100.000%,,,,,1,[T2][M] SDB-09 High-Power Impulse Drive Sys,2,[T2][M] Med. Alloy-3 Duranium Hull,1,[T1] EngOS Monitoring - Super Heavy EM Rails,,Replication Package,Replication Packages,Engineering,TRUE,,,0,3,0.000,0.053,0.000,0.000,0.133,0.530,14.000,1.400,0.137,2.000,0.000,0.000,0.000,0.025,0.000,,,,[T2][M] S-Medical Mk VI Protein Synth,,1,0.000,0.053,0.000,0.000,0.133,0.530,14.000,1.400,0.137,2.000,,0.000,0.000,0.025,1.000,,,,0.500,0.000,0.053,0.000,0.000,0.133,0.530,14.000,1.400,0.137,2.000,,0.000,0.000,0.025,100.000%,,,,1,TRUE,,1/10,,,1/4,1,1,FALSE,1,1,1.3976,2,0.5,7,0,7,0.01,0,0.5,0.5,0,0,0.025,1,2313,,,,0.000,0.000,0.000,0.000,0.000,0.000,0.000,0.000,0.000,0.000,,0.000,0.000,0.000,1.000,,,,0.000,0.000,0.000,0.000,0.000,0.000,0.000,0.000,0.000,0.000,0.000,,0.000,0.000,0.000,100.000%,,,,1,TRUE,,1/10,,,1/4,1,1,FALSE,1,1,0.0000,0,0,0,0,0,0,0,0,0,0,0,0,1,,,,,,,,,,,,,,,,,,,,,,,,,,,,,,,,,,,,,,,
,,Fuel & Matter Stores,3,[T2][L] 2310-Light Pattern Deuterium Tanks,,,,0.00,0.00,0.00,0.00,0.00,0.64,30.000,3.000,1.901,1.500,,0.00,0.00,0.00,100.000%,,,,,,,,,,,,Fuel & Matter Stores,Fuel & Matter Stores,Engineering,TRUE,,,3,3,0.000,0.000,0.000,0.000,0.000,0.636,30.000,3.000,1.901,1.500,0.000,0.000,0.000,0.000,0.000,,,,[T2][L] 2310-Light Pattern Deuterium Tanks,,3,0.000,0.000,0.000,0.000,0.000,0.636,30.000,3.000,1.901,1.500,,0.000,0.000,0.000,1.000,,,,0.600,0.000,0.000,0.000,0.000,0.000,0.636,30.000,3.000,1.901,1.500,,0.000,0.000,0.000,100.000%,,,,1,FALSE,,,,,,1,1,FALSE,1,1,1.5723,1,0.6,0,0,10,0.065,0,0.25,0.25,0,0,0,1,2313,,,,0.000,0.000,0.000,0.000,0.000,0.000,0.000,0.000,0.000,0.000,,0.000,0.000,0.000,1.000,,,,0.000,0.000,0.000,0.000,0.000,0.000,0.000,0.000,0.000,0.000,0.000,,0.000,0.000,0.000,100.000%,,,,1,FALSE,,,,,,1,1,FALSE,1,1,0.0000,0,0,0,0,0,0,0,0,0,0,0,0,1,,,,,,,,,,,,,,,,,,,,,,,,,,,,,,,,,,,,,,,
,,Engineering Subtotal,,,,,,0.00,0.18,1.58,0.05,0.13,3.17,161.000,16.100,17.248,30.500,0.000,0.09,0.61,0.16,99.900%,,,,,,,,,,,,Engineering Subtotal,,,,,,,,0.000,0.177,1.580,0.053,0.133,3.165,151.000,15.600,17.248,30.500,0.000,0.087,0.606,0.159,-0.001,,,,,,,0.000,0.177,1.580,0.053,0.133,3.165,161.000,16.100,17.248,30.500,0.000,0.087,0.606,0.159,0.999,,,,,0.000,0.177,1.580,0.053,0.133,3.165,161.000,16.100,17.248,30.500,0.000,0.087,0.606,0.159,99.900%,0.25,,315,,,,,,,,,,,,,,,,,,,,,,,,,,,,,,,0.000,0.000,0.000,0.000,0.000,0.000,0.000,0.000,0.000,0.000,0.000,0.000,0.000,0.000,1.000,,,,,0.000,0.000,0.000,0.000,0.000,0.000,0.000,0.000,0.000,0.000,0.000,0.000,0.000,0.000,100.000%,0.00,,0,,,,,,,,,,,,,,,,,,,,,,,,,,,,,,,,,,,,,,,,,,,,,,,,,,,,,,,,,,,,,,,,,
,,,,,,,,,,,,,,,,,,,,,,,,,,,,,,,,,,,,,,,,,,,,,,,,,,,,,,,,,,,,,,,,,,,,,,,,,,,,,,,,,,,,,,,,,,,,,,,,,,,,,,,,,,,,,,,,,,,,,,,,,,,,,,,,,,,,,,,,,,,,,,,,,,,,,,,,,,,,,,,,,,,,,,,,,,,,,,,,,,,,,,,,,,,,,,,,,,,,,,,,,,,,,,,,,,,,,,,,,,,,,,,,,,,,,,,
,,Warp Core Options,,Type,,Weight Class,Weight Cap,,,Mod Effect x,,,,Weight,BR Cost,SR Cost x,,,O x,E x,T x,,Build Time,Tech Time,,,,,,,,,,Frame,Type,Parent,,,,,,,,Mod Effect x,,,,Weight,BR Cost,SR Cost x,,,O x,E x,T x,,Build Time,Tech Time,Weight Cap,Name,,,,,Mod Effect x,,,,Weight,BR Cost,SR Cost x,,,O x,E x,T x,,Build Time,Tech Time,Weight Cap,Mod Effect x,,,,,,,Weight,BR Cost,SR Cost x,,,O x,E x,T x,,Build Time,Tech Time,Weight Cap,,,,,,,,,,,,,,Size Class,Weight Class,MaxSz,Wt,Build Time,Core Mod,,,O-Mod,E-Mod,T-Mod,SR-Mod,,Year Available (SF),Name,,,,,Mod Effect x,,,,Weight,BR Cost,SR Cost x,,,O x,E x,T x,,Build Time,Tech Time,Weight Cap,Mod Effect x,,,,,,,Weight,BR Cost,SR Cost x,,,O x,E x,T x,,Build Time,Tech Time,Weight Cap,,,,,,,,,,,,,,Size Class,Weight Class,MaxSz,Wt,Build Time,Core Mod,,,O-Mod,E-Mod,T-Mod,SR-Mod,,,,,,,,,,,,,,,,,,,,,,,,,,,,,,,,,,,,,,,,
,,Warp Core Sub-Frame,,[T2] Md Frigate Warp Core Suite,,Frigate,225,,,1.140,,,,0.000,0.000,0.990,,,0.74,1.19,0.99,,3/12,,,,,,,,,,,Warp Core Sub-Frame,Warp Core,Frame,,,,,,,,1.140,,,,0.000,0.000,0.990,,,0.743,1.188,0.990,,,,225,[T2] Md Frigate Warp Core Suite,,,,,1.140,,,,0.000,0.000,0.990,,,0.743,1.188,0.990,,0.25,,225,1.140,,,,,,,0.000,0.000,0.990,,,0.743,1.188,0.990,,0.25,,225,,,,,,,,,,,,,,2,1,25,,0.25,1.14,,,0.99,0.99,0.99,0.99,,2315,,,,,,0.000,,,,0.000,0.000,0.000,,,0.000,0.000,0.000,,0.00,,0,0.000,,,,,,,0.000,0.000,0.000,,,0.000,0.000,0.000,,0.00,,0,,,,,,,,,,,,,,0,0,0,0,0,0,,,0,0,0,0,,,,,,,,,,,,,,,,,,,,,,,,,,,,,,,,,,,,,,,,
,,Component,Size/Lvl,Type,,,,,,,,,,Weight,BR Cost,SR Cost,Pwr Cost,Pwr Gen,O,E,T,Reliability,,Tech Time,,,,,,,,,,Component,Type,Parent,Has Part?,Min Size Class,Max Size Class,Min Qty,Max Qty,,,,,,,Weight,BR Cost,SR Cost,Pwr Cost,Pwr Gen,O,E,T,Reliability,Build Time,Tech Time,,Name,,Qty,,,,,,,Weight,BR Cost,SR Cost,Pwr Cost,Pwr Gen,O,E,T,Reliability,,Tech Time,,Mod Effect,,,,,,,Weight,BR Cost,SR Cost,Power Cost,Power Gen,O,E,T,Reliability,,Tech Time,,Effect Custom Mod,Effect Qty?,,,,,,,Wt Custom Mod,Scale Wt?,Cost Mod,Crew Mod,1/sum(stats),Size Sort,Effect,Weight O/H,Scale Weight,Unit Weight,SR Cost x,Pwr O/H,Scale Pwr,Unit Power,O,E,T,Reliability,Year Available (SF),Name,,Qty,,,,,,,Weight,BR Cost,SR Cost,Pwr Cost,Pwr Gen,O,E,T,Reliability,,Tech Time,,Mod Effect,,,,,,,Weight,BR Cost,SR Cost,Power Cost,Power Gen,O,E,T,Reliability,,Tech Time,,Effect Custom Mod,Effect Qty?,,,,,,,Wt Custom Mod,Scale Wt?,Cost Mod,Crew Mod,1/sum(stats),Size Sort,Effect,Weight O/H,Scale Weight,Unit Weight,SR Cost x,Pwr O/H,Scale Pwr,Unit Power,O,E,T,Reliability,,,,,,,,,,,,,,,,,,,,,,,,,,,,,,,,,,,,,,,
,,Warp Core Type,2,[T2][L][C+] Type-I Block-A (40E) Warp Core,,,,,,,,,,40.000,4.000,3.564,,84.439,0.13,0.31,0.17,99.700%,,,,,,,,,,,,Warp Core Type,Warp Core Types,Warp Core,TRUE,,,1,,,,,,,,40.000,4.000,3.564,0.000,84.439,0.128,0.308,0.171,-0.003,,,,[T2][L][C+] Type-I Block-A (40E) Warp Core,,2,,,,,,,40.000,4.000,3.564,,84.439,0.128,0.308,0.171,0.997,,,,84.439,,,,,,,40.000,4.000,3.564,,84.439,0.128,0.308,0.171,99.700%,,,,1,TRUE,,,,,,,1,FALSE,1,1,0.0000,1,41,0,0,20,0.09,0,0,0,0.1,0.15,0.1,0.997,2313,,,,,,,,,,0.000,0.000,0.000,,0.000,0.000,0.000,0.000,1.000,,,,0.000,,,,,,,0.000,0.000,0.000,,0.000,0.000,0.000,0.000,100.000%,,,,1,TRUE,,,,,,,1,FALSE,1,1,0.0000,0,0,0,0,0,0,0,0,0,0,0,0,1,,,,,,,,,,,,,,,,,,,,,,,,,,,,,,,,,,,,,,,
,,Safety/Performance,0,,,,,,,,,,,,,,,0.000,,,,100.000%,,,,,,,,,,,,Safety/Performance,Safety/Performance,Warp Core,FALSE,,,-5,5,,,,,,,,,,0.000,0.000,,,,0.000,,,,,,0,,,,,,,,,,,0.000,,,,1.000,,,,,,,,,,,,,,,0.000,,,,100.000%,,,,1,FALSE,,,,,,,1,FALSE,0,0,0.0000,0,0,0,0,0,0,0,0,0,0,0,0,1,*,,,,,,,,,,,,,,0.000,,,,1.000,,,,,,,,,,,,,,,0.000,,,,100.000%,,,,1,FALSE,,,,,,,1,FALSE,0,0,0.0000,0,0,0,0,0,0,0,0,0,0,0,0,1,,,,,,,,,,,,,,,,,,,,,,,,,,,,,,,,,,,,,,,
,,M/AM Injectors,2,[T2][L][R-C-] Luna-VI High-Efficiency M/AM System,,,,,,,,,,21.200,2.120,2.099,,20.129,0.03,0.05,0.04,99.500%,,,,,,,,,,,,M/AM Injectors,Matter/Anti-Matter Injectors,Warp Core,TRUE,,,2,2,,,,,,,21.200,2.120,2.099,0.000,19.129,0.032,0.051,0.043,-0.005,,,,[T2][L][R-C-] Luna-VI High-Efficiency M/AM System,,2,,,,,,,21.200,2.120,2.099,,20.129,0.032,0.051,0.043,0.995,,,,22.654,,,,,,,21.200,2.120,2.099,,20.129,0.032,0.051,0.043,99.500%,,,,1,TRUE,,,,,,,1,FALSE,1,1,0.0000,1,11,0,0,10.6,0.1,0,0,0,0.025,0.025,0.025,0.995,2313,,,,,,,,,,0.000,0.000,0.000,,1.000,0.000,0.000,0.000,1.000,,,,0.000,,,,,,,0.000,0.000,0.000,,1.000,0.000,0.000,0.000,100.000%,,,,1,TRUE,,,,,,,1,FALSE,1,1,0.0000,0,0,0,0,0,0,0,0,0,0,0,0,1,,,,,,,,,,,,,,,,,,,,,,,,,,,,,,,,,,,,,,,
,,Coolant Systems,2,[T2][L] Mk VIII Mod L Yoyodyne Coolant System,,,,,,,,,,8.000,0.800,0.792,,-15.086,0.01,0.02,0.02,100.300%,,,,,,,,,,,,Coolant Systems,Coolant Systems,Warp Core,TRUE,,,2,2,,,,,,,8.000,0.800,0.792,0.000,-16.086,0.013,0.021,0.017,0.003,,,,[T2][L] Mk VIII Mod L Yoyodyne Coolant System,,2,,,,,,,8.000,0.800,0.792,,-15.086,0.013,0.021,0.017,1.003,,,,-19.050,,,,,,,8.000,0.800,0.792,,-15.086,0.013,0.021,0.017,100.300%,,,,1,TRUE,,,,,,,1,FALSE,1,1,0.0000,1,-9.25,0,0,4,0.1,0,0,0,0.01,0.01,0.01,1.003,2311,,,,,,,,,,0.000,0.000,0.000,,1.000,0.000,0.000,0.000,1.000,,,,0.000,,,,,,,0.000,0.000,0.000,,1.000,0.000,0.000,0.000,100.000%,,,,1,TRUE,,,,,,,1,FALSE,1,1,0.0000,0,0,0,0,0,0,0,0,0,0,0,0,1,,,,,,,,,,,,,,,,,,,,,,,,,,,,,,,,,,,,,,,
,,EPS Manifold System,3,[T3][M][R+] VSA-7 Pulse Injection Manifold,,,,,,,,,,20.600,2.060,2.243,,18.086,0.00,0.03,0.02,99.925%,,,,,,,,,,,,EPS Manifold System,EPS Manifold System,Warp Core,TRUE,,,3,3,,,,,,,20.600,2.060,2.243,0.000,17.086,0.000,0.025,0.021,-0.001,,,,[T3][M][R+] VSA-7 Pulse Injection Manifold,,3,,,,,,,20.600,2.060,2.243,,18.086,0.000,0.025,0.021,0.999,,,,20.235,,,,,,,20.600,2.060,2.243,,18.086,0.000,0.025,0.021,99.925%,,,,1,FALSE,,,,,,,1,FALSE,1,1,0.0000,2,17.75,14,0,2.2,0.11,0,0,0,0,0.01,0.01,0.99925,2315,,,,,,,,,,0.000,0.000,0.000,,1.000,0.000,0.000,0.000,1.000,,,,0.000,,,,,,,0.000,0.000,0.000,,1.000,0.000,0.000,0.000,100.000%,,,,1,FALSE,,,,,,,1,FALSE,1,1,0.0000,0,0,0,0,0,0,0,0,0,0,0,0,1,,,,,,,,,,,,,,,,,,,,,,,,,,,,,,,,,,,,,,,
,,Eject System,1,[T2] EngOS Monitoring - Anak-Krueger EM Rails,,,,,,,,,,5.000,0.500,0.990,5.000,,0.00,0.00,0.01,100.000%,,,,,,,,,,,,Eject System,Eject System,Warp Core,TRUE,,,0,1,,,,,,,5.000,0.500,0.990,5.000,0.000,0.000,0.000,0.011,0.000,,,,[T2] EngOS Monitoring - Anak-Krueger EM Rails,,1,,,,,,,5.000,0.500,0.990,5.000,,0.000,0.000,0.011,1.000,,,,,,,,,,,5.000,0.500,0.990,5.000,,0.000,0.000,0.011,100.000%,,,,,FALSE,,,,,,,1,FALSE,1,1,0.0000,-99,0,5,0,0,0.2,5,0,0,0,0,0.01,0.365,2315,,,,,,,,,,0.000,0.000,0.000,0.000,,0.000,0.000,0.000,1.000,,,,,,,,,,,0.000,0.000,0.000,0.000,,0.000,0.000,0.000,100.000%,,,,,FALSE,,,,,,,1,FALSE,1,1,0.0000,0,0,0,0,0,0,0,0,0,0,0,0,1,,,,,,,,,,,,,,,,,,,,,,,,,,,,,,,,,,,,,,,
,,Warp Core Subtotal,,,,,,,,,,,,94.800,9.480,9.688,5.000,107.569,0.17,0.40,0.26,99.425%,,,,,,,,,,,,Warp Core Subtotal,,,,,,,,,,,,,,94.800,9.480,9.688,5.000,104.569,0.173,0.405,0.263,-0.006,,,,,,,,,,,,,94.800,9.480,9.688,5.000,107.569,0.173,0.405,0.263,0.994,,,,,,,,,,,94.800,9.480,9.688,5.000,107.569,0.173,0.405,0.263,99.425%,0.25,,225,,,,,,,,,,,,,,,,,,,,,,,,,,,,,,,,,,,,,0.000,0.000,0.000,0.000,3.000,0.000,0.000,0.000,1.000,,,,,,,,,,,0.000,0.000,0.000,0.000,3.000,0.000,0.000,0.000,100.000%,0.00,,0,,,,,,,,,,,,,,,,,,,,,,,,,,,,,,,,,,,,,,,,,,,,,,,,,,,,,,,,,,,,,,,,,
,,,,,,,,,,,,,,,,,,,,,,,,,,,,,,,,,,,,,,,,,,,,,,,,,,,,,,,,,,,,,,,,,,,,,,,,,,,,,,,,,,,,,,,,,,,,,,,,,,,,,,,,,,,,,,,,,,,,,,,,,,,,,,,,,,,,,,,,,,,,,,,,,,,,,,,,,,,,,,,,,,,,,,,,,,,,,,,,,,,,,,,,,,,,,,,,,,,,,,,,,,,,,,,,,,,,,,,,,,,,,,,,,,,,,,,
,,Module Options,Size,Variant,,,Weight Cap,C,S,H,L,P,D,Weight,BR Cost,SR Cost,Pwr Cost,Pwr Gen,O,E,T,Reliability,Build Time,Tech Time,,,,,,,,,,,,,,,,,,C,S,H,L,P,D,Weight,BR Cost,SR Cost,Pwr Cost,Pwr Gen,O,E,T,Reliability,Build Time,Tech Time,Weight Cap,Module Type,Module Variant,Size,C,S,H,L,P,D,Weight,BR Cost,SR Cost,Pwr Cost,Pwr Gen,O,E,T,Reliability,Build Time,Tech Time,Weight Cap,,C,S,H,L,P,D,Weight,BR Cost,SR Cost,Power Cost,Power Gen,O,E,T,Reliability,Build Time,Tech Time,Weight Cap,,,C,S,H,L,P,D,,,,,1/sum(stats),,,Weight Cap,Weight,Build Time,SR Cost,Power Cost,,,O,E,T,Reliability,Year Available (SF),Module Type,Module Variant,Size,C,S,H,L,P,D,Weight,BR Cost,SR Cost,Pwr Cost,Pwr Gen,O,E,T,Reliability,Build Time,Tech Time,Weight Cap,,C,S,H,L,P,D,Weight,BR Cost,SR Cost,Power Cost,Power Gen,O,E,T,Reliability,Build Time,Tech Time,Weight Cap,,,C,S,H,L,P,D,,,,,1/sum(stats),,,Weight Cap,Weight,Build Time,SR Cost,Power Cost,,,O,E,T,Reliability,,,,,,,,,,,,,,,,,,,,,,,,,,,,,,,,,,,,,,,
,,No Module,0.00,-,,,0,0.00,0.00,0.00,0.00,0.00,0.00,0.000,0.000,0.000,0.000,0.000,0.00,0.00,0.00,100.000%,0,,,,,,,,,,,Module,,,,,,,,0.000,0.000,0.000,0.000,0.000,0.000,0.000,0.000,0.000,0.000,0.000,0.000,0.000,0.000,0.000,,,0,No Module,-,0,0.000,0.000,0.000,0.000,0.000,0.000,0.000,0.000,0.000,0.000,0.000,0.000,0.000,0.000,1.000,0.00,,0.00,,0.000,0.000,0.000,0.000,0.000,0.000,0.000,0.000,0.000,0.000,0.000,0.000,0.000,0.000,100.000%,0.00,,0,,,0,0,0,0,0,0,,,,,0,,,0,0,0,0,0,,,0,0,0,1,2270,,,0,0.000,0.000,0.000,0.000,0.000,0.000,0.000,0.000,0.000,0.000,0.000,0.000,0.000,0.000,1.000,0.00,,0.00,,0.000,0.000,0.000,0.000,0.000,0.000,0.000,0.000,0.000,0.000,0.000,0.000,0.000,0.000,100.000%,0.00,,0,,,0,0,0,0,0,0,,,,,0,,,0,0,0,0,0,,,0,0,0,1,,,,,,,,,,,,,,,,,,,,,,,,,,,,,,,,,,,,,,,
